Clean_Name,min_CC50_mM_on_human,biocompatibility_label,num_measurements,num_human_measurements
((3-HYDROXYPYRIDINE-1-IUM-2 6-DIYL)BIS(METHYLENE))BIS(TRI(THIOPHEN-2-YL)PHOSPHONIUM) CHLORIDE,0.2655,0,1,1
((3-HYDROXYPYRIDINE-1-IUM-2 6-DIYL)BIS(METHYLENE))BIS(TRI-P-TOLYLPHOSPHONIUM) CHLORIDE,0.0037,0,9,9
((3-HYDROXYPYRIDINE-1-IUM-2 6-DIYL)BIS(METHYLENE))BIS(TRIPHENYLPHOSPHONIUM) CHLORIDE,0.0255,0,1,1
((3-HYDROXYPYRIDINE-1-IUM-2 6-DIYL)BIS(METHYLENE))BIS(TRIS(4-FLUOROPHENYL)PHOSPHONIUM) CHLORIDE,0.3899,0,1,1
((5-ACETOXY-4 6-DIMETHYLPYRIDIN-3-YL)METHYL)TRI-P-TOLYLPHOSPHONIUM CHLORIDE,0.0028,0,1,1
((5-ACETOXY-4 6-DIMETHYLPYRIDIN-3-YL)METHYL)TRIPHENYLPHOSPHONIUM CHLORIDE,0.2055,0,1,1
(1-ETHOXY-1-OXOPROPAN-2-YL)TRIPHENYLPHOSPHONIUM CHLORIDE,0.5243,0,1,1
(10-((4 5-DIHYDROXY-7-METHYL-9 10-DIOXO-9 10-DIHYDROANTHRACEN-2-YL)OXY)DECYL)TRIPHENYLPHOSPHONIUM BROMIDE,0.0014,0,4,4
(11-METHOXY-11-OXOUNDECYL)TRIPHENYLPHOSPHONIUM BROMIDE,0.00359,0,3,3
(2-(DIMETHYLCARBAMOYL)ALLYL)TRIPHENYLPHOSPHONIUM BROMIDE,0.0812,0,6,6
(2-(METHOXYCARBONYL)ALLYL)TRI-P-TOLYLPHOSPHONIUM BROMIDE,0.00148,0,6,6
(2-(METHOXYCARBONYL)ALLYL)TRIPHENYLPHOSPHONIUM BROMIDE,0.00774,0,6,6
(2-(METHOXYCARBONYL)ALLYL)TRIS(4-METHOXYPHENYL)PHOSPHONIUM BROMIDE,0.00162,0,6,6
(2-(TERT-BUTOXYCARBONYL)ALLYL)TRIPHENYLPHOSPHONIUM BROMIDE,0.00199,0,6,6
(2-(TERT-BUTOXYCARBONYL)ALLYL)TRIS(4-METHOXYPHENYL)PHOSPHONIUM BROMIDE,0.00081,0,6,6
(2-OXO-2-(PHENYLAMINO)ETHYL)TRIPHENYLPHOSPHONIUM CHLORIDE,0.1736,0,1,1
(3-((4 5-DIHYDROXY-7-METHYL-9 10-DIOXO-9 10-DIHYDROANTHRACEN-2-YL)OXY)PROPYL)TRIPHENYLPHOSPHONIUM BROMIDE,0.0032,0,4,4
(3-(ACETYLTHIO)PROPYL)TRIPHENYLPHOSPHONIUM BROMIDE,0.0671,0,1,1
(3-(ACETYLTHIO)PROPYL)TRIS(2 4 6-TRIMETHOXYPHENYL)PHOSPHONIUM BROMIDE,0.06609,0,2,2
(3-(ACETYLTHIO)PROPYL)TRIS(2 6-DIMETHOXYPHENYL)PHOSPHONIUM BROMIDE,0.074,0,2,2
(3-(ACETYLTHIO)PROPYL)TRIS(4-FLUOROPHENYL)PHOSPHONIUM BROMIDE,0.2526,0,1,1
(3-(ACETYLTHIO)PROPYL)TRIS(4-METHOXYPHENYL)PHOSPHONIUM BROMIDE,0.06822,0,2,2
(3-CHLOROPROPYL)TRIS(4-(DIMETHYLAMINO)PHENYL)PHOSPHONIUM CHLORIDE,0.0001,0,6,6
(3-OXO-3-(PHENYLAMINO)PROPYL)TRIPHENYLPHOSPHONIUM CHLORIDE,0.2059,0,1,1
(4-((4 5-DIHYDROXY-7-METHYL-9 10-DIOXO-9 10-DIHYDROANTHRACEN-2-YL)OXY)BUTYL)TRIPHENYLPHOSPHONIUM BROMIDE,0.00222,0,4,4
(4-(7-METHOXY-2-OXO-2H-CHROMEN-3-YL)PHENYL)(METHYL)DI-P-TOLYLPHOSPHONIUM IODIDE,0.0101,0,4,4
(4-ETHOXY-4-OXOBUTYL)TRIPHENYLPHOSPHONIUM CHLORIDE,0.2827,0,1,1
(4-ETHOXYBENZYL)TRIPHENYLPHOSPHONIUM OCTAISOTHIOCYANATODYSPROSATE(III),0.019,0,5,5
(4-FORMYLBENZYL)TRIPHENYLPHOSPHONIUM CHLORIDE,0.00714,0,8,8
(4-NITROBENZYL)TRIPHENYLPHOSPHONIUM OCTAISOTHIOCYANATODYSPROSATE(III),0.091,0,5,5
(5-((4 5-DIHYDROXY-7-METHYL-9 10-DIOXO-9 10-DIHYDROANTHRACEN-2-YL)OXY)PENTYL)TRIOCTYLPHOSPHONIUM BROMIDE,0.00458,0,4,4
(5-((4 5-DIHYDROXY-7-METHYL-9 10-DIOXO-9 10-DIHYDROANTHRACEN-2-YL)OXY)PENTYL)TRIPHENYLPHOSPHONIUM BROMIDE,0.00383,0,4,4
(5-HYDRAZINYL-5-OXOPENTYL)TRI-M-TOLYLPHOSPHONIUM CHLORIDE,0.0089,0,8,8
(5-METHOXY-5-OXOPENTYL)TRIPHENYLPHOSPHONIUM CHLORIDE,0.00538,0,8,8
(E)-1-(2-(4-CHLOROPHENYL)-2-OXOETHYL)-3-((2-(1-(2-(4-CHLOROPHENYL)-2-OXOETHYL)PYRIDIN-1-IUM-4-CARBONYL)HYDRAZONO)METHYL)PYRIDIN-1-IUM 2 2 2-TRIFLUOROACETATE,0.084,0,4,4
(E)-1-(2-(4-CHLOROPHENYL)-2-OXOETHYL)-3-((2-(1-(2-(4-CHLOROPHENYL)-2-OXOETHYL)PYRIDIN-1-IUM-4-CARBONYL)HYDRAZONO)METHYL)PYRIDIN-1-IUM BROMIDE,0.082,0,4,4
(E)-1-(2-(4-CHLOROPHENYL)-2-OXOETHYL)-3-((2-(1-(2-(4-CHLOROPHENYL)-2-OXOETHYL)PYRIDIN-1-IUM-4-CARBONYL)HYDRAZONO)METHYL)PYRIDIN-1-IUM HEXAFLUOROPHOSPHATE(V),0.059,0,4,4
(E)-1-(2-(4-CHLOROPHENYL)-2-OXOETHYL)-3-((2-(1-(2-(4-CHLOROPHENYL)-2-OXOETHYL)PYRIDIN-1-IUM-4-CARBONYL)HYDRAZONO)METHYL)PYRIDIN-1-IUM TETRAFLUOROBORATE,0.068,0,4,4
(E)-1-(2-(4-CHLOROPHENYL)-2-OXOETHYL)-4-((2-(1-(2-(4-CHLOROPHENYL)-2-OXOETHYL)PYRIDIN-1-IUM-4-CARBONYL)HYDRAZONO)METHYL)PYRIDIN-1-IUM 2 2 2-TRIFLUOROACETATE,0.3,0,4,4
(E)-1-(2-(4-CHLOROPHENYL)-2-OXOETHYL)-4-((2-(1-(2-(4-CHLOROPHENYL)-2-OXOETHYL)PYRIDIN-1-IUM-4-CARBONYL)HYDRAZONO)METHYL)PYRIDIN-1-IUM BROMIDE,0.3,0,4,4
(E)-1-(2-(4-CHLOROPHENYL)-2-OXOETHYL)-4-((2-(1-(2-(4-CHLOROPHENYL)-2-OXOETHYL)PYRIDIN-1-IUM-4-CARBONYL)HYDRAZONO)METHYL)PYRIDIN-1-IUM HEXAFLUOROPHOSPHATE(V),0.3,0,4,4
(E)-1-(2-(4-CHLOROPHENYL)-2-OXOETHYL)-4-((2-(1-(2-(4-CHLOROPHENYL)-2-OXOETHYL)PYRIDIN-1-IUM-4-CARBONYL)HYDRAZONO)METHYL)PYRIDIN-1-IUM TETRAFLUOROBORATE,0.3,0,4,4
(E)-1-(2-(4-METHOXYPHENYL)-2-OXOETHYL)-3-((2-(1-(2-(4-METHOXYPHENYL)-2-OXOETHYL)PYRIDIN-1-IUM-4-CARBONYL)HYDRAZONO)METHYL)PYRIDIN-1-IUM 2 2 2-TRIFLUOROACETATE,0.161,0,4,4
(E)-1-(2-(4-METHOXYPHENYL)-2-OXOETHYL)-3-((2-(1-(2-(4-METHOXYPHENYL)-2-OXOETHYL)PYRIDIN-1-IUM-4-CARBONYL)HYDRAZONO)METHYL)PYRIDIN-1-IUM BROMIDE,0.149,0,4,4
(E)-1-(2-(4-METHOXYPHENYL)-2-OXOETHYL)-3-((2-(1-(2-(4-METHOXYPHENYL)-2-OXOETHYL)PYRIDIN-1-IUM-4-CARBONYL)HYDRAZONO)METHYL)PYRIDIN-1-IUM HEXAFLUOROPHOSPHATE(V),0.156,0,4,4
(E)-1-(2-(4-METHOXYPHENYL)-2-OXOETHYL)-3-((2-(1-(2-(4-METHOXYPHENYL)-2-OXOETHYL)PYRIDIN-1-IUM-4-CARBONYL)HYDRAZONO)METHYL)PYRIDIN-1-IUM TETRAFLUOROBORATE,0.109,0,4,4
(E)-1-(2-(4-METHOXYPHENYL)-2-OXOETHYL)-4-((2-(1-(2-(4-METHOXYPHENYL)-2-OXOETHYL)PYRIDIN-1-IUM-4-CARBONYL)HYDRAZONO)METHYL)PYRIDIN-1-IUM 2 2 2-TRIFLUOROACETATE,0.3,0,4,4
(E)-1-(2-(4-METHOXYPHENYL)-2-OXOETHYL)-4-((2-(1-(2-(4-METHOXYPHENYL)-2-OXOETHYL)PYRIDIN-1-IUM-4-CARBONYL)HYDRAZONO)METHYL)PYRIDIN-1-IUM BROMIDE,0.3,0,4,4
(E)-1-(2-(4-METHOXYPHENYL)-2-OXOETHYL)-4-((2-(1-(2-(4-METHOXYPHENYL)-2-OXOETHYL)PYRIDIN-1-IUM-4-CARBONYL)HYDRAZONO)METHYL)PYRIDIN-1-IUM HEXAFLUOROPHOSPHATE(V),0.3,0,4,4
(E)-1-(2-(4-METHOXYPHENYL)-2-OXOETHYL)-4-((2-(1-(2-(4-METHOXYPHENYL)-2-OXOETHYL)PYRIDIN-1-IUM-4-CARBONYL)HYDRAZONO)METHYL)PYRIDIN-1-IUM TETRAFLUOROBORATE,0.3,0,4,4
(E)-1-(2-(4-NITROPHENYL)-2-OXOETHYL)-3-((2-(1-(2-(4-NITROPHENYL)-2-OXOETHYL)PYRIDIN-1-IUM-4-CARBONYL)HYDRAZONO)METHYL)PYRIDIN-1-IUM 2 2 2-TRIFLUOROACETATE,0.102,0,4,4
(E)-1-(2-(4-NITROPHENYL)-2-OXOETHYL)-3-((2-(1-(2-(4-NITROPHENYL)-2-OXOETHYL)PYRIDIN-1-IUM-4-CARBONYL)HYDRAZONO)METHYL)PYRIDIN-1-IUM BROMIDE,0.097,0,4,4
(E)-1-(2-(4-NITROPHENYL)-2-OXOETHYL)-3-((2-(1-(2-(4-NITROPHENYL)-2-OXOETHYL)PYRIDIN-1-IUM-4-CARBONYL)HYDRAZONO)METHYL)PYRIDIN-1-IUM HEXAFLUOROPHOSPHATE(V),0.095,0,4,4
(E)-1-(2-(4-NITROPHENYL)-2-OXOETHYL)-3-((2-(1-(2-(4-NITROPHENYL)-2-OXOETHYL)PYRIDIN-1-IUM-4-CARBONYL)HYDRAZONO)METHYL)PYRIDIN-1-IUM TETRAFLUOROBORATE,0.093,0,4,4
(E)-1-(2-(4-NITROPHENYL)-2-OXOETHYL)-4-((2-(1-(2-(4-NITROPHENYL)-2-OXOETHYL)PYRIDIN-1-IUM-4-CARBONYL)HYDRAZONO)METHYL)PYRIDIN-1-IUM 2 2 2-TRIFLUOROACETATE,0.3,0,4,4
(E)-1-(2-(4-NITROPHENYL)-2-OXOETHYL)-4-((2-(1-(2-(4-NITROPHENYL)-2-OXOETHYL)PYRIDIN-1-IUM-4-CARBONYL)HYDRAZONO)METHYL)PYRIDIN-1-IUM BROMIDE,0.3,0,4,4
(E)-1-(2-(4-NITROPHENYL)-2-OXOETHYL)-4-((2-(1-(2-(4-NITROPHENYL)-2-OXOETHYL)PYRIDIN-1-IUM-4-CARBONYL)HYDRAZONO)METHYL)PYRIDIN-1-IUM HEXAFLUOROPHOSPHATE(V),0.3,0,4,4
(E)-1-(2-(4-NITROPHENYL)-2-OXOETHYL)-4-((2-(1-(2-(4-NITROPHENYL)-2-OXOETHYL)PYRIDIN-1-IUM-4-CARBONYL)HYDRAZONO)METHYL)PYRIDIN-1-IUM TETRAFLUOROBORATE,0.3,0,4,4
(E)-1-DECYL-3-((2-(1-DECYLPYRIDIN-1-IUM-4-CARBONYL)HYDRAZONO)METHYL)PYRIDIN-1-IUM 2 2 2-TRIFLUOROACETATE,0.01805,0,4,4
(E)-1-DECYL-3-((2-(1-DECYLPYRIDIN-1-IUM-4-CARBONYL)HYDRAZONO)METHYL)PYRIDIN-1-IUM HEXAFLUOROPHOSPHATE(V),0.02347,0,4,4
(E)-1-DECYL-3-((2-(1-DECYLPYRIDIN-1-IUM-4-CARBONYL)HYDRAZONO)METHYL)PYRIDIN-1-IUM IODIDE,0.01513,0,4,4
(E)-1-DECYL-3-((2-(1-DECYLPYRIDIN-1-IUM-4-CARBONYL)HYDRAZONO)METHYL)PYRIDIN-1-IUM TETRAFLUOROBORATE,0.01076,0,4,4
(E)-1-DECYL-3-(6-(4-((4-(DECYLOXY)PHENYL)DIAZENYL)-2 3 5 6-TETRAFLUOROPHENOXY)HEXYL)-1H-IMIDAZOL-3-IUM BROMIDE,0.00284,0,2,2
(E)-1-DECYL-4-((HYDROXYIMINO)METHYL)PYRIDIN-1-IUM BROMIDE,0.108,0,1,1
(E)-1-DODECYL-3-((2-(1-DODECYLPYRIDIN-1-IUM-4-CARBONYL)HYDRAZONO)METHYL)PYRIDIN-1-IUM 2 2 2-TRIFLUOROACETATE,0.0105,0,4,4
(E)-1-DODECYL-3-((2-(1-DODECYLPYRIDIN-1-IUM-4-CARBONYL)HYDRAZONO)METHYL)PYRIDIN-1-IUM HEXAFLUOROPHOSPHATE(V),0.03381,0,4,4
(E)-1-DODECYL-3-((2-(1-DODECYLPYRIDIN-1-IUM-4-CARBONYL)HYDRAZONO)METHYL)PYRIDIN-1-IUM IODIDE,0.02694,0,4,4
(E)-1-DODECYL-3-((2-(1-DODECYLPYRIDIN-1-IUM-4-CARBONYL)HYDRAZONO)METHYL)PYRIDIN-1-IUM TETRAFLUOROBORATE,0.03934,0,4,4
(E)-1-DODECYL-4-((HYDROXYIMINO)METHYL)PYRIDIN-1-IUM BROMIDE,0.016,0,1,1
(E)-1-HEXADECYL-3-((2-(1-HEXADECYLPYRIDIN-1-IUM-4-CARBONYL)HYDRAZONO)METHYL)PYRIDIN-1-IUM 2 2 2-TRIFLUOROACETATE,0.08775,0,4,4
(E)-1-HEXADECYL-3-((2-(1-HEXADECYLPYRIDIN-1-IUM-4-CARBONYL)HYDRAZONO)METHYL)PYRIDIN-1-IUM HEXAFLUOROPHOSPHATE(V),0.08222,0,4,4
(E)-1-HEXADECYL-3-((2-(1-HEXADECYLPYRIDIN-1-IUM-4-CARBONYL)HYDRAZONO)METHYL)PYRIDIN-1-IUM IODIDE,0.007111,0,4,4
(E)-1-HEXADECYL-3-((2-(1-HEXADECYLPYRIDIN-1-IUM-4-CARBONYL)HYDRAZONO)METHYL)PYRIDIN-1-IUM TETRAFLUOROBORATE,0.10372,0,4,4
(E)-1-HEXADECYL-4-((HYDROXYIMINO)METHYL)PYRIDIN-1-IUM BROMIDE,0.007,0,1,1
(E)-1-NONYL-3-((2-(1-NONYLPYRIDIN-1-IUM-4-CARBONYL)HYDRAZONO)METHYL)PYRIDIN-1-IUM 2 2 2-TRIFLUOROACETATE,0.01941,0,4,4
(E)-1-NONYL-3-((2-(1-NONYLPYRIDIN-1-IUM-4-CARBONYL)HYDRAZONO)METHYL)PYRIDIN-1-IUM HEXAFLUOROPHOSPHATE(V),0.01988,0,4,4
(E)-1-NONYL-3-((2-(1-NONYLPYRIDIN-1-IUM-4-CARBONYL)HYDRAZONO)METHYL)PYRIDIN-1-IUM IODIDE,0.05556,0,4,4
(E)-1-NONYL-3-((2-(1-NONYLPYRIDIN-1-IUM-4-CARBONYL)HYDRAZONO)METHYL)PYRIDIN-1-IUM TETRAFLUOROBORATE,0.03142,0,4,4
(E)-1-OCTADECYL-3-((2-(1-OCTADECYLPYRIDIN-1-IUM-4-CARBONYL)HYDRAZONO)METHYL)PYRIDIN-1-IUM 2 2 2-TRIFLUOROACETATE,0.904,0,4,4
(E)-1-OCTADECYL-3-((2-(1-OCTADECYLPYRIDIN-1-IUM-4-CARBONYL)HYDRAZONO)METHYL)PYRIDIN-1-IUM HEXAFLUOROPHOSPHATE(V),0.11804,0,4,4
(E)-1-OCTADECYL-3-((2-(1-OCTADECYLPYRIDIN-1-IUM-4-CARBONYL)HYDRAZONO)METHYL)PYRIDIN-1-IUM IODIDE,0.02208,0,4,4
(E)-1-OCTADECYL-3-((2-(1-OCTADECYLPYRIDIN-1-IUM-4-CARBONYL)HYDRAZONO)METHYL)PYRIDIN-1-IUM TETRAFLUOROBORATE,0.3825,0,4,4
(E)-1-OCTYL-3-((2-(1-OCTYLPYRIDIN-1-IUM-4-CARBONYL)HYDRAZONO)METHYL)PYRIDIN-1-IUM 2 2 2-TRIFLUOROACETATE,0.07104,0,4,4
(E)-1-OCTYL-3-((2-(1-OCTYLPYRIDIN-1-IUM-4-CARBONYL)HYDRAZONO)METHYL)PYRIDIN-1-IUM HEXAFLUOROPHOSPHATE(V),0.04272,0,4,4
(E)-1-OCTYL-3-((2-(1-OCTYLPYRIDIN-1-IUM-4-CARBONYL)HYDRAZONO)METHYL)PYRIDIN-1-IUM IODIDE,0.06427,0,4,4
(E)-1-OCTYL-3-((2-(1-OCTYLPYRIDIN-1-IUM-4-CARBONYL)HYDRAZONO)METHYL)PYRIDIN-1-IUM TETRAFLUOROBORATE,0.06124,0,4,4
(E)-1-TETRADECYL-3-((2-(1-TETRADECYLPYRIDIN-1-IUM-4-CARBONYL)HYDRAZONO)METHYL)PYRIDIN-1-IUM 2 2 2-TRIFLUOROACETATE,0.03852,0,4,4
(E)-1-TETRADECYL-3-((2-(1-TETRADECYLPYRIDIN-1-IUM-4-CARBONYL)HYDRAZONO)METHYL)PYRIDIN-1-IUM HEXAFLUOROPHOSPHATE(V),0.02999,0,4,4
(E)-1-TETRADECYL-3-((2-(1-TETRADECYLPYRIDIN-1-IUM-4-CARBONYL)HYDRAZONO)METHYL)PYRIDIN-1-IUM IODIDE,0.03683,0,4,4
(E)-1-TETRADECYL-3-((2-(1-TETRADECYLPYRIDIN-1-IUM-4-CARBONYL)HYDRAZONO)METHYL)PYRIDIN-1-IUM TETRAFLUOROBORATE,0.04205,0,4,4
(E)-3-(10-(4-((4-(DECYLOXY)PHENYL)DIAZENYL)-2 3 5 6-TETRAFLUOROPHENOXY)DECYL)-1-HEXADECYL-1H-IMIDAZOL-3-IUM BROMIDE,0.0014,0,2,2
(E)-3-(11-(4-((4-(DECYLOXY)PHENYL)DIAZENYL)-2 3 5 6-TETRAFLUOROPHENOXY)UNDECYL)-1-HEXADECYL-1H-IMIDAZOL-3-IUM BROMIDE,0.00167,0,2,2
(E)-3-(12-(4-((4-(DECYLOXY)PHENYL)DIAZENYL)-2 3 5 6-TETRAFLUOROPHENOXY)DODECYL)-1-HEXADECYL-1H-IMIDAZOL-3-IUM BROMIDE,0.00174,0,2,2
(E)-3-(3-(3-HYDROXY-4-(((4-(TRIFLUOROMETHYL)PHENYL)IMINO)METHYL)PHENOXY)PROPYL)-4-METHYLTHIAZOL-3-IUM BROMIDE,0.04595,0,2,2
(E)-3-(3-(3-HYDROXY-4-(((4-(TRIFLUOROMETHYL)PHENYL)IMINO)METHYL)PHENOXY)PROPYL)-4-METHYLTHIAZOL-3-IUM HEXAFLUOROPHOSPHATE(V),0.08356,0,2,2
(E)-3-(3-(3-HYDROXY-4-(((4-(TRIFLUOROMETHYL)PHENYL)IMINO)METHYL)PHENOXY)PROPYL)-4-METHYLTHIAZOL-3-IUM TETRAFLUOROBORATE,0.03073,0,2,2
(E)-3-(3-(4-((4-(DECYLOXY)PHENYL)DIAZENYL)-2 3 5 6-TETRAFLUOROPHENOXY)PROPYL)-1-HEXADECYL-1H-IMIDAZOL-3-IUM BROMIDE,0.01242,0,2,2
(E)-3-(4-(4-((4-(DECYLOXY)PHENYL)DIAZENYL)-2 3 5 6-TETRAFLUOROPHENOXY)BUTYL)-1-HEXADECYL-1H-IMIDAZOL-3-IUM BROMIDE,0.0052,0,2,2
(E)-3-(4-HYDROXY-3-(((5-OXO-2-THIOXOIMIDAZOLIDIN-1-YL)IMINO)METHYL)BENZYL)-1-METHYL-1H-IMIDAZOL-3-IUM CHLORIDE,0.03258,0,2,2
(E)-3-(4-HYDROXY-3-(((5-OXO-2-THIOXOIMIDAZOLIDIN-1-YL)IMINO)METHYL)BENZYL)-1-METHYL-1H-IMIDAZOL-3-IUM TETRAFLUOROBORATE,0.02381,0,2,2
(E)-3-(4-HYDROXY-3-METHOXY-5-((THIAZOL-2-YLIMINO)METHYL)BENZYL)-2-METHYL-1H-IMIDAZOL-3-IUM CHLORIDE,0.037,0,1,1
(E)-3-(5-(4-((4-(DECYLOXY)PHENYL)DIAZENYL)-2 3 5 6-TETRAFLUOROPHENOXY)PENTYL)-1-HEXADECYL-1H-IMIDAZOL-3-IUM BROMIDE,0.00364,0,2,2
(E)-3-(6-(4-((4-(DECYLOXY)PHENYL)DIAZENYL)-2 3 5 6-TETRAFLUOROPHENOXY)HEXYL)-1-DODECYL-1H-IMIDAZOL-3-IUM BROMIDE,0.00142,0,2,2
(E)-3-(6-(4-((4-(DECYLOXY)PHENYL)DIAZENYL)-2 3 5 6-TETRAFLUOROPHENOXY)HEXYL)-1-HEXADECYL-1H-IMIDAZOL-3-IUM BROMIDE,0.00072,0,4,4
(E)-3-(6-(4-((4-(DECYLOXY)PHENYL)DIAZENYL)-2 3 5 6-TETRAFLUOROPHENOXY)HEXYL)-1-OCTADECYL-1H-IMIDAZOL-3-IUM BROMIDE,0.00061,0,2,2
(E)-3-(6-(4-((4-(DECYLOXY)PHENYL)DIAZENYL)-2 3 5 6-TETRAFLUOROPHENOXY)HEXYL)-1-TETRADECYL-1H-IMIDAZOL-3-IUM BROMIDE,0.00177,0,2,2
(E)-3-(7-(4-((4-(DECYLOXY)PHENYL)DIAZENYL)-2 3 5 6-TETRAFLUOROPHENOXY)HEPTYL)-1-HEXADECYL-1H-IMIDAZOL-3-IUM BROMIDE,0.00298,0,2,2
(E)-3-(8-(4-((4-(DECYLOXY)PHENYL)DIAZENYL)-2 3 5 6-TETRAFLUOROPHENOXY)OCTYL)-1-HEXADECYL-1H-IMIDAZOL-3-IUM BROMIDE,0.00118,0,2,2
(E)-3-(9-(4-((4-(DECYLOXY)PHENYL)DIAZENYL)-2 3 5 6-TETRAFLUOROPHENOXY)NONYL)-1-HEXADECYL-1H-IMIDAZOL-3-IUM BROMIDE,0.00185,0,2,2
(E)-4-((HYDROXYIMINO)METHYL)-1-ICOSYLPYRIDIN-1-IUM BROMIDE,0.0029,0,1,1
(E)-4-((HYDROXYIMINO)METHYL)-1-OCTADECYLPYRIDIN-1-IUM BROMIDE,0.0035,0,1,1
(E)-4-((HYDROXYIMINO)METHYL)-1-OCTYLPYRIDIN-1-IUM BROMIDE,1.0,0,1,1
(E)-4-((HYDROXYIMINO)METHYL)-1-TETRADECYLPYRIDIN-1-IUM BROMIDE,0.014,0,1,1
(E)-N-(2-HYDROXYETHYL)-N N-DIMETHYLPROP-1-EN-1-AMINIUM CHLORIDE,34.08,1,1,1
(R)-1-METHOXY-1-OXOPROPAN-2-AMINIUM 2-HYDROXYPROPANOATE,25.0,1,1,1
(R)-4-(HEXYLOXY)-2-HYDROXY-N N N-TRIMETHYL-4-OXOBUTAN-1-AMINIUM BROMIDE,27.6,1,1,1
(R)-N-((DIMETHYLAMINO)((1-(OCTADECYLOXY)-1-OXO-3-PHENYLPROPAN-2-YL)AMINO)METHYLENE)-N-METHYLMETHANAMINIUM CHLORIDE,0.0022,0,1,1
(S)-1-BUTOXY-3-METHYL-1-OXOBUTAN-2-AMINIUM 2-HYDROXYBENZOATE,0.992,0,2,2
(S)-1-METHOXY-1-OXOPROPAN-2-AMINIUM NITRATE,20.0,1,1,1
(S)-2-((1-(DECYLOXY)-3-(4-(DECYLOXY)PHENYL)-1-OXOPROPAN-2-YL)AMINO)-1 3-DIMETHYL-4 5-DIHYDRO-1H-IMIDAZOL-3-IUM CHLORIDE,0.0037,0,1,1
(S)-2-(ETHOXYCARBONYL)PYRROLIDIN-1-IUM (S)-4-CARBOXY-4-(4-(((2 4-DIAMINOPTERIDIN-6-YL)METHYL)(METHYL)AMINO)BENZAMIDO)BUTANOATE,0.0515,0,1,1
(S)-2-(ETHOXYCARBONYL)PYRROLIDIN-1-IUM 2-HYDROXYBENZOATE,18.3,1,2,2
(S)-2-(METHOXYCARBONYL)PYRROLIDIN-1-IUM 2-HYDROXYBENZOATE,17.6,1,2,2
(S)-N-(((1-(DECYLOXY)-1-OXO-3-(4-(TETRADECYLOXY)PHENYL)PROPAN-2-YL)AMINO)(DIMETHYLAMINO)METHYLENE)-N-METHYLMETHANAMINIUM CHLORIDE,0.05066,0,1,1
(S)-N-(((1-(DECYLOXY)-1-OXO-3-PHENYLPROPAN-2-YL)AMINO)(DIMETHYLAMINO)METHYLENE)-N-METHYLMETHANAMINIUM CHLORIDE,0.00205,0,1,1
(S)-N-(((1-(DECYLOXY)-3-(4-(DECYLOXY)PHENYL)-1-OXOPROPAN-2-YL)AMINO)(DIMETHYLAMINO)METHYLENE)-N-METHYLMETHANAMINIUM CHLORIDE,0.00285,0,1,1
(S)-N-(((1-(DECYLOXY)-3-(4-(HEXADECYLOXY)PHENYL)-1-OXOPROPAN-2-YL)AMINO)(DIMETHYLAMINO)METHYLENE)-N-METHYLMETHANAMINIUM CHLORIDE,0.05885,0,1,1
(S)-N-(((1-(DECYLOXY)-3-(4-(OCTADECYLOXY)PHENYL)-1-OXOPROPAN-2-YL)AMINO)(DIMETHYLAMINO)METHYLENE)-N-METHYLMETHANAMINIUM CHLORIDE,0.06873,0,1,1
(S)-N-(((1-(DECYLOXY)-3-(4-(OCTYLOXY)PHENYL)-1-OXOPROPAN-2-YL)AMINO)(DIMETHYLAMINO)METHYLENE)-N-METHYLMETHANAMINIUM CHLORIDE,0.00489,0,1,1
(S)-N-(((3-(3 4-BIS(DECYLOXY)PHENYL)-1-(DECYLOXY)-1-OXOPROPAN-2-YL)AMINO)(DIMETHYLAMINO)METHYLENE)-N-METHYLMETHANAMINIUM CHLORIDE,0.12,0,1,1
(S)-N-(((3-(3 4-BIS(DECYLOXY)PHENYL)-1-(OCTADECYLOXY)-1-OXOPROPAN-2-YL)AMINO)(DIMETHYLAMINO)METHYLENE)-N-METHYLMETHANAMINIUM CHLORIDE,0.00343,0,1,1
(S)-N-(((3-(3 4-BIS(DODECYLOXY)PHENYL)-1-(OCTADECYLOXY)-1-OXOPROPAN-2-YL)AMINO)(DIMETHYLAMINO)METHYLENE)-N-METHYLMETHANAMINIUM CHLORIDE,0.00896,0,1,1
(S)-N-(((3-(3 4-BIS(HEXADECYLOXY)PHENYL)-1-(OCTADECYLOXY)-1-OXOPROPAN-2-YL)AMINO)(DIMETHYLAMINO)METHYLENE)-N-METHYLMETHANAMINIUM CHLORIDE,0.12,0,1,1
(S)-N-(((3-(3 4-BIS(OCTADECYLOXY)PHENYL)-1-(OCTADECYLOXY)-1-OXOPROPAN-2-YL)AMINO)(DIMETHYLAMINO)METHYLENE)-N-METHYLMETHANAMINIUM CHLORIDE,0.02194,0,1,1
(S)-N-(((3-(3 4-BIS(TETRADECYLOXY)PHENYL)-1-(OCTADECYLOXY)-1-OXOPROPAN-2-YL)AMINO)(DIMETHYLAMINO)METHYLENE)-N-METHYLMETHANAMINIUM CHLORIDE,0.06172,0,1,1
(S)-N-(((3-(4-(DECYLOXY)PHENYL)-1-OXO-1-(TETRADECYLOXY)PROPAN-2-YL)AMINO)(DIMETHYLAMINO)METHYLENE)-N-METHYLMETHANAMINIUM CHLORIDE,0.04514,0,1,1
(S)-N-((DIMETHYLAMINO)((1-(DODECYLOXY)-1-OXO-3-PHENYLPROPAN-2-YL)AMINO)METHYLENE)-N-METHYLMETHANAMINIUM CHLORIDE,0.00155,0,1,1
(S)-N-((DIMETHYLAMINO)((1-(HEXADECYLOXY)-1-OXO-3-PHENYLPROPAN-2-YL)AMINO)METHYLENE)-N-METHYLMETHANAMINIUM CHLORIDE,0.00274,0,1,1
(S)-N-((DIMETHYLAMINO)((1-(OCTADECYLOXY)-1-OXO-3-PHENYLPROPAN-2-YL)AMINO)METHYLENE)-N-METHYLMETHANAMINIUM CHLORIDE,0.00458,0,1,1
(S)-N-((DIMETHYLAMINO)((1-OXO-1-(TETRADECYLOXY)-3-(4-(TETRADECYLOXY)PHENYL)PROPAN-2-YL)AMINO)METHYLENE)-N-METHYLMETHANAMINIUM CHLORIDE,0.00913,0,1,1
(S)-N-((DIMETHYLAMINO)((1-OXO-3-PHENYL-1-(TETRADECYLOXY)PROPAN-2-YL)AMINO)METHYLENE)-N-METHYLMETHANAMINIUM CHLORIDE,0.00289,0,1,1
(S)-N-((DIMETHYLAMINO)((3-(4-(DODECYLOXY)PHENYL)-1-OXO-1-(TETRADECYLOXY)PROPAN-2-YL)AMINO)METHYLENE)-N-METHYLMETHANAMINIUM CHLORIDE,0.04798,0,1,1
(S)-N-((DIMETHYLAMINO)((3-(4-(HEXADECYLOXY)PHENYL)-1-OXO-1-(TETRADECYLOXY)PROPAN-2-YL)AMINO)METHYLENE)-N-METHYLMETHANAMINIUM CHLORIDE,0.00368,0,1,1
(S)-N-((DIMETHYLAMINO)((3-(4-(OCTADECYLOXY)PHENYL)-1-OXO-1-(TETRADECYLOXY)PROPAN-2-YL)AMINO)METHYLENE)-N-METHYLMETHANAMINIUM CHLORIDE,0.12,0,1,1
(S)-N-((DIMETHYLAMINO)((3-(4-(OCTYLOXY)PHENYL)-1-OXO-1-(TETRADECYLOXY)PROPAN-2-YL)AMINO)METHYLENE)-N-METHYLMETHANAMINIUM CHLORIDE,0.09004,0,1,1
(Z)-(2-(METHOXYCARBONYL)-3-(4-METHOXYPHENYL)ALLYL)TRIS(4-METHOXYPHENYL)PHOSPHONIUM BROMIDE,0.00017,0,12,12
(Z)-(2-(METHOXYCARBONYL)-3-(4-NITROPHENYL)ALLYL)TRIS(4-METHOXYPHENYL)PHOSPHONIUM BROMIDE,0.00473,0,6,6
(Z)-(2-(METHOXYCARBONYL)-3-(P-TOLYL)ALLYL)TRIS(4-METHOXYPHENYL)PHOSPHONIUM BROMIDE,0.00034,0,6,6
(Z)-(2-(METHOXYCARBONYL)-3-PHENYLALLYL)TRIS(4-METHOXYPHENYL)PHOSPHONIUM BROMIDE,0.00267,0,6,6
(Z)-(3-(4-BROMOPHENYL)-2-(METHOXYCARBONYL)ALLYL)TRIS(4-METHOXYPHENYL)PHOSPHONIUM BROMIDE,0.00017,0,12,12
(Z)-(3-(4-BROMOPHENYL)-2-(TERT-BUTOXYCARBONYL)ALLYL)TRIS(4-METHOXYPHENYL)PHOSPHONIUM BROMIDE,0.00014,0,12,12
(Z)-(3-(4-CHLOROPHENYL)-2-(METHOXYCARBONYL)ALLYL)TRIS(4-METHOXYPHENYL)PHOSPHONIUM BROMIDE,0.00059,0,5,5
(Z)-(3-(4-CYANOPHENYL)-2-(METHOXYCARBONYL)ALLYL)TRIS(4-METHOXYPHENYL)PHOSPHONIUM BROMIDE,0.00449,0,6,6
(Z)-(3-(4-FLUOROPHENYL)-2-(METHOXYCARBONYL)ALLYL)TRIS(4-METHOXYPHENYL)PHOSPHONIUM BROMIDE,0.00129,0,6,6
1 1 -((((1E 1 E)-((1 3 4-THIADIAZOLE-2 5-DIYL)BIS(AZANYLYLIDENE))BIS(METHANYLYLIDENE))BIS(4-HYDROXY-5-METHOXY-3 1-PHENYLENE))BIS(METHYLENE))BIS(2 4-DIMETHYLPYRIDIN-1-IUM) CHLORIDE,0.00536,0,1,1
1 1 -(((3 6 9 12 15-PENTAOXAHEPTADECANE-1 17-DIYL)BIS(1H-1 2 3-TRIAZOLE-1 4-DIYL))BIS(METHYLENE))BIS(1-METHYLPYRROLIDIN-1-IUM) METHANESULFONATE,0.533,0,1,1
1 1 -(((OXYBIS(ETHANE-2 1-DIYL))BIS(OXY))BIS(ETHANE-2 1-DIYL))BIS(1-METHYLPYRROLIDIN-1-IUM) CHLORIDE,10.0,1,1,1
1 1 -((BUTANE-1 4-DIYLBIS(SULFANEDIYL))BIS(3-(3-PENTADECYLPHENOXY)PROPANE-1 2-DIYL))BIS(PYRIDIN-1-IUM) BROMIDE,0.0456,0,1,1
1 1 -((ETHANE-1 2-DIYLBIS(SULFANEDIYL))BIS(3-(3-PENTADECYLPHENOXY)PROPANE-1 2-DIYL))BIS(PYRIDIN-1-IUM) BROMIDE,0.0453,0,1,1
1 1 -((ETHANE-1 2-DIYLBIS(SULFANEDIYL))BIS(DODECANE-1 2-DIYL))BIS(PYRIDIN-1-IUM) BROMIDE,0.0157,0,1,1
1 1 -((ETHANE-1 2-DIYLBIS(SULFANEDIYL))BIS(HEXADECANE-1 2-DIYL))BIS(PYRIDIN-1-IUM) BROMIDE,0.0262,0,1,1
1 1 -((ETHANE-1 2-DIYLBIS(SULFANEDIYL))BIS(OCTADECANE-1 2-DIYL))BIS(PYRIDIN-1-IUM) BROMIDE,0.0531,0,1,1
1 1 -((ETHANE-1 2-DIYLBIS(SULFANEDIYL))BIS(TETRADECANE-1 2-DIYL))BIS(PYRIDIN-1-IUM) BROMIDE,0.0185,0,1,1
1 1 -((HEXANE-1 6-DIYLBIS(SULFANEDIYL))BIS(3-(3-PENTADECYLPHENOXY)PROPANE-1 2-DIYL))BIS(PYRIDIN-1-IUM) BROMIDE,0.0446,0,1,1
1 1 -((PROPANE-1 3-DIYLBIS(SULFANEDIYL))BIS(3-(3-PENTADECYLPHENOXY)PROPANE-1 2-DIYL))BIS(PYRIDIN-1-IUM) BROMIDE,0.0288,0,1,1
1 1 -(BUTANE-1 4-DIYL)BIS(PYRIDIN-1-IUM) BROMIDE,13.76,1,4,4
1 1 -(DECANE-1 10-DIYL)BIS(3-METHYL-1H-IMIDAZOL-3-IUM) GLYCINATE,12.5,1,1,1
1 1 -(DECANE-1 10-DIYL)BIS(3-METHYL-1H-IMIDAZOL-3-IUM) LYSINATE,12.5,1,1,1
1 1 -(DODECANE-1 12-DIYL)BIS(PYRIDIN-1-IUM) BROMIDE,0.008,0,4,4
1 1 -(OCTANE-1 8-DIYL)BIS(3-METHYL-1H-IMIDAZOL-3-IUM) L-HISTIDINATE,25.7,1,1,1
1 1 -(OCTANE-1 8-DIYL)BIS(PYRIDIN-1-IUM) BROMIDE,0.408,0,4,4
1 1 3 3-TETRAMETHYLGUANIDINE (2R 3S 4R 5R)-2 3 4 5 6-PENTAHYDROXYHEXANOATE,10.26,1,3,3
1 1-DIHEXYLPYRROLIDIN-1-IUM TETRAFLUOROBORATE,0.017,0,1,1
1 2-DIMETHYL-1H-IMIDAZOL-3-IUM CHLORIDE,53.32,1,1,1
1 2-DIMETHYL-3-(2-((6-(METHYLSULFONYL)BENZO D THIAZOL-2-YL)AMINO)-2-OXOETHYL)-1H-IMIDAZOL-3-IUM 2 2 2-TRIFLUOROACETATE,0.167,0,4,4
1 2-DIMETHYL-3-(2-((6-(METHYLSULFONYL)BENZO D THIAZOL-2-YL)AMINO)-2-OXOETHYL)-1H-IMIDAZOL-3-IUM BROMIDE,0.178,0,4,4
1 2-DIMETHYL-3-(2-((6-(METHYLSULFONYL)BENZO D THIAZOL-2-YL)AMINO)-2-OXOETHYL)-1H-IMIDAZOL-3-IUM HEXAFLUOROPHOSPHATE(V),0.239,0,4,4
1 2-DIMETHYL-3-(2-((6-(METHYLSULFONYL)BENZO D THIAZOL-2-YL)AMINO)-2-OXOETHYL)-1H-IMIDAZOL-3-IUM TETRAFLUOROBORATE,0.168,0,4,4
1 2-DIMETHYL-3-(2-((6-METHYLBENZO D THIAZOL-2-YL)AMINO)-2-OXOETHYL)-1H-IMIDAZOL-3-IUM 2 2 2-TRIFLUOROACETATE,0.137,0,4,4
1 2-DIMETHYL-3-(2-((6-METHYLBENZO D THIAZOL-2-YL)AMINO)-2-OXOETHYL)-1H-IMIDAZOL-3-IUM BROMIDE,0.189,0,4,4
1 2-DIMETHYL-3-(2-((6-METHYLBENZO D THIAZOL-2-YL)AMINO)-2-OXOETHYL)-1H-IMIDAZOL-3-IUM HEXAFLUOROPHOSPHATE(V),0.143,0,4,4
1 2-DIMETHYL-3-(2-((6-METHYLBENZO D THIAZOL-2-YL)AMINO)-2-OXOETHYL)-1H-IMIDAZOL-3-IUM TETRAFLUOROBORATE,0.088,0,4,4
1 2-DIMETHYL-3-PENTYL-1H-IMIDAZOL-3-IUM BIS((TRIFLUOROMETHYL)SULFONYL)IMIDE,0.1,0,1,1
1 3-DIBENZYL-1H-IMIDAZOL-3-IUM 3-OXO-3H-BENZO D ISOTHIAZOL-2-IDE 1 1-DIOXIDE,14.013,1,1,1
1 3-DIBENZYL-1H-IMIDAZOL-3-IUM DICYANAMIDE,10.823,1,1,1
1 3-DIBUTYL-1H-BENZO D 1 2 3 TRIAZOL-3-IUM HEXAFLUOROPHOSPHATE(V),0.096,0,1,1
1 3-DIBUTYL-1H-BENZO D 1 2 3 TRIAZOL-3-IUM TETRAFLUOROBORATE,0.086,0,1,1
1 3-DIETHYL-1H-IMIDAZOL-3-IUM BROMIDE,1.0,0,1,1
1 3-DIETHYL-1H-IMIDAZOL-3-IUM ETHYL SULFATE,20.44,1,1,1
1 3-DIMETHYL-1H-IMIDAZOL-3-IUM CHLORIDE,38.21,1,1,1
1 3-DIMETHYL-1H-IMIDAZOL-3-IUM METHYL SULFATE,31.69,1,2,2
1 3-DIPROPYL-1H-BENZO D 1 2 3 TRIAZOL-3-IUM HEXAFLUOROPHOSPHATE(V),0.37,0,1,1
1 3-DIPROPYL-1H-BENZO D 1 2 3 TRIAZOL-3-IUM TETRAFLUOROBORATE,0.199,0,1,1
1 4-DIETHOXY-1 4-DIOXOBUTAN-2-AMINIUM (S)-4-CARBOXY-4-(4-(((2 4-DIAMINOPTERIDIN-6-YL)METHYL)(METHYL)AMINO)BENZAMIDO)BUTANOATE,0.0525,0,1,1
1 4-DIMETHYLPIPERAZINE-1 4-DIIUM TETRAFLUOROBORATE,0.414,0,4,4
1-(((2R 3R 4S 5R 6R)-3 4 5 6-TETRAMETHOXYTETRAHYDRO-2H-PYRAN-2-YL)METHYL)PYRIDIN-1-IUM 4-METHYLBENZENESULFONATE,51.49,1,1,1
1-(((2R 3R 4S 5R 6R)-3 4 5 6-TETRAMETHOXYTETRAHYDRO-2H-PYRAN-2-YL)METHYL)PYRIDIN-1-IUM METHANESULFONATE,57.6,1,1,1
1-(((2R 3R 4S 5R 6R)-3 4 5 6-TETRAMETHOXYTETRAHYDRO-2H-PYRAN-2-YL)METHYL)PYRIDIN-1-IUM TRIFLUOROMETHANESULFONATE,41.73,1,1,1
1-(((2R 3R 4S 5R 6R)-6-(ALLYLOXY)-3 4 5-TRIMETHOXYTETRAHYDRO-2H-PYRAN-2-YL)METHYL)PYRIDIN-1-IUM TRIFLUOROMETHANESULFONATE,36.4,1,1,1
1-(((2R 3R 4S 5R 6S)-3 4 5 6-TETRAMETHOXYTETRAHYDRO-2H-PYRAN-2-YL)METHYL)PYRIDIN-1-IUM TRIFLUOROMETHANESULFONATE,49.88,1,1,1
1-(((2R 3R 4S)-3 4-DIMETHOXYTETRAHYDROFURAN-2-YL)METHYL)PYRIDIN-1-IUM TRIFLUOROMETHANESULFONATE,46.4,1,1,1
1-(((2R 3R 4S)-3 4-DIPROPOXYTETRAHYDROFURAN-2-YL)METHYL)PYRIDIN-1-IUM TRIFLUOROMETHANESULFONATE,136.62,1,1,1
1-(((2R 3S 4R)-3 4-DIMETHOXYTETRAHYDROFURAN-2-YL)METHYL)PYRIDIN-1-IUM TRIFLUOROMETHANESULFONATE,25.19,1,1,1
1-(((2R 3S 4S)-3 4-DIHYDROXYTETRAHYDROFURAN-2-YL)METHYL)PYRIDIN-1-IUM TRIFLUOROMETHANESULFONATE,54.8,1,1,1
1-(((2R 3S 4S)-3 4-DIMETHOXYTETRAHYDROFURAN-2-YL)METHYL)PYRIDIN-1-IUM TRIFLUOROMETHANESULFONATE,38.65,1,1,1
1-(((2S 3S 4S)-3 4-DIMETHOXYTETRAHYDROFURAN-2-YL)METHYL)PYRIDIN-1-IUM TRIFLUOROMETHANESULFONATE,40.37,1,1,1
1-((2-HYDROXYETHOXY)METHYL)-3-METHYL-1H-IMIDAZOL-3-IUM 2-HYDROXYBENZOATE,0.00926,0,6,6
1-((METHYLTHIO)METHYL)PYRIDIN-1-IUM CHLORIDE,0.5,0,6,6
1-(1-(2 3-DIHYDROXYPROPOXY)HEXADECAN-2-YL)PYRIDIN-1-IUM BROMIDE 1-(2-(2 3-DIHYDROXYPROPOXY)HEXADECYL)PYRIDIN-1-IUM BROMIDE (50/50 ISOMER RATIO),0.01185,0,2,2
1-(2-(2 3-DIHYDROXYPROPOXY)DODECYL)PYRIDIN-1-IUM BROMIDE 1-(1-(2 3-DIHYDROXYPROPOXY)DODECAN-2-YL)PYRIDIN-1-IUM BROMIDE (46/54 ISOMER RATIO),0.03599,0,2,2
1-(2-(2 3-DIHYDROXYPROPOXY)OCTADECYL)PYRIDIN-1-IUM BROMIDE 1-(1-(2 3-DIHYDROXYPROPOXY)OCTADECAN-2-YL)PYRIDIN-1-IUM BROMIDE (56/44 ISOMER RATIO),0.00843,0,2,2
1-(2-(2 3-DIHYDROXYPROPOXY)TETRADECYL)PYRIDIN-1-IUM BROMIDE 1-(1-(2 3-DIHYDROXYPROPOXY)TETRADECAN-2-YL)PYRIDIN-1-IUM BROMIDE (50/50 ISOMER RATIO),0.01907,0,2,2
1-(2-(4-NITROPHENYL)-2-OXOETHYL)PYRIDAZIN-1-IUM BROMIDE,30.0,1,3,3
1-(2-(DECYLOXY)-2-OXOETHYL)-3-(1-METHYLPYRROLIDIN-2-YL)PYRIDIN-1-IUM BROMIDE,0.1,0,1,1
1-(2-(DECYLOXY)-2-OXOETHYL)PYRIDIN-1-IUM CHLORIDE,0.02054,0,3,3
1-(2-(DODECYLOXY)-2-OXOETHYL)-3-(1-METHYLPYRROLIDIN-2-YL)PYRIDIN-1-IUM BROMIDE,0.1,0,1,1
1-(2-(DODECYLOXY)-2-OXOETHYL)PYRIDIN-1-IUM CHLORIDE,0.000181,0,3,3
1-(2-(OCTYLOXY)-2-OXOETHYL)PYRIDIN-1-IUM CHLORIDE,0.13954,0,3,3
1-(2-ETHOXY-2-OXOETHYL)PYRIDAZIN-1-IUM CHLORIDE,85.0,1,3,3
1-(2-ETHOXYETHYL)-1-METHYLPIPERIDIN-1-IUM BROMIDE,20.0,1,1,1
1-(2-ETHOXYETHYL)-1-METHYLPYRROLIDIN-1-IUM BROMIDE,20.0,1,1,1
1-(2-ETHOXYETHYL)PYRIDIN-1-IUM BROMIDE,17.5,1,1,1
1-(2-HYDROXYETHYL)-1-METHYL-4-PALMITOYLPIPERAZIN-1-IUM BROMIDE,0.088,0,1,1
1-(2-HYDROXYETHYL)-1-METHYL-4-PALMITOYLPIPERAZIN-1-IUM CHLORIDE,0.083,0,1,1
1-(2-HYDROXYETHYL)-1-METHYL-4-TETRADECANOYLPIPERAZIN-1-IUM BROMIDE,0.094,0,1,1
1-(2-HYDROXYETHYL)-1-METHYL-4-TETRADECANOYLPIPERAZIN-1-IUM CHLORIDE,0.09,0,1,1
1-(2-HYDROXYETHYL)-1-METHYLPIPERIDIN-1-IUM IODIDE,20.0,1,1,1
1-(2-HYDROXYETHYL)-1-METHYLPYRROLIDIN-1-IUM IODIDE,20.0,1,1,1
1-(2-HYDROXYETHYL)-3-(TETRADECYLOXY)PYRIDIN-1-IUM BROMIDE,0.01722,0,1,1
1-(2-HYDROXYETHYL)-3-(TETRADECYLOXY)PYRIDIN-1-IUM CHLORIDE,0.016,0,1,1
1-(2-HYDROXYETHYL)PYRIDIN-1-IUM CHLORIDE,72.03,1,1,1
1-(2-HYDROXYETHYL)PYRIDIN-1-IUM CINNAMATE,12.58,1,1,1
1-(2-HYDROXYETHYL)PYRIDIN-1-IUM IODIDE,14.3,1,1,1
1-(2-METHOXYETHYL)-1-METHYLPIPERIDIN-1-IUM BROMIDE,20.0,1,1,1
1-(2-METHOXYETHYL)-1-METHYLPYRROLIDIN-1-IUM CHLORIDE,20.0,1,1,1
1-(2-METHOXYETHYL)PYRIDIN-1-IUM CHLORIDE,20.0,1,1,1
1-(3-HYDROXYPROPYL)-1-METHYLPIPERIDIN-1-IUM CHLORIDE,20.0,1,1,1
1-(3-HYDROXYPROPYL)-1-METHYLPYRROLIDIN-1-IUM CHLORIDE,20.0,1,1,1
1-(3-HYDROXYPROPYL)PYRIDIN-1-IUM CHLORIDE,20.0,1,1,1
1-(3-METHOXYPROPYL)-1-METHYLPIPERIDIN-1-IUM CHLORIDE,20.0,1,1,1
1-(3-METHOXYPROPYL)-1-METHYLPYRROLIDIN-1-IUM CHLORIDE,20.0,1,1,1
1-(3-METHOXYPROPYL)PYRIDIN-1-IUM CHLORIDE,20.0,1,1,1
1-(4-(DODECANOYLOXY)BUTYL)PYRIDIN-1-IUM CHLORIDE,0.46,0,1,1
1-(4-(PALMITOYLOXY)BUTYL)PYRIDIN-1-IUM CHLORIDE,0.24,0,1,1
1-(4-(STEAROYLOXY)BUTYL)PYRIDIN-1-IUM CHLORIDE,0.11,0,1,1
1-(4-(TETRADECANOYLOXY)BUTYL)PYRIDIN-1-IUM CHLORIDE,0.27,0,1,1
1-(4-(TRIDECANOYLOXY)BUTYL)PYRIDIN-1-IUM CHLORIDE,0.36,0,1,1
1-(4-(UNDECANOYLOXY)BUTYL)PYRIDIN-1-IUM CHLORIDE,0.47,0,1,1
1-(4-ACETOXYBUTYL)-3-METHYL-1H-IMIDAZOL-3-IUM CHLORIDE,36.9,1,1,1
1-(4-ACETOXYBUTYL)PYRIDIN-1-IUM CHLORIDE,33.3,1,1,1
1-(4-FLUOROBENZYL)-4-METHYL-7 7 9 9-TETRA(PIPERIDIN-1-YL)-1 4 6 8 10-PENTAAZA-5L5 7L5 9L5-TRIPHOSPHASPIRO 4 5 DECA-5 7 9-TRIEN-6-IUM 2 6-DIHYDROXYBENZOATE,0.03238,0,3,3
1-(4-FLUOROBENZYL)-4-METHYL-7 7 9 9-TETRA(PIPERIDIN-1-YL)-1 4 6 8 10-PENTAAZA-5L5 7L5 9L5-TRIPHOSPHASPIRO 4 5 DECA-5(10) 6 8-TRIENE 2 5-DIHYDROXYBENZOATE,0.06737,0,3,3
1-(4-FLUOROBENZYL)-4-METHYL-7 7 9 9-TETRA(PYRROLIDIN-1-YL)-1 4 6 8 10-PENTAAZA-5L5 7L5 9L5-TRIPHOSPHASPIRO 4 5 DECA-5 7 9-TRIEN-6-IUM 2 5-DIHYDROXYBENZOATE,0.07435,0,3,3
1-(4-FLUOROBENZYL)-4-METHYL-7 7 9 9-TETRA(PYRROLIDIN-1-YL)-1 4 6 8 10-PENTAAZA-5L5 7L5 9L5-TRIPHOSPHASPIRO 4 5 DECA-5 7 9-TRIEN-6-IUM 2 6-DIHYDROXYBENZOATE,0.03482,0,3,3
1-(4-HYDROXY-3 5-DIMETHOXYBENZOYL)-3-OCTYL-1H-IMIDAZOL-3-IUM BROMIDE,0.0173,0,1,1
1-(4-HYDROXYBUTYL)PYRIDIN-1-IUM CHLORIDE,156.15,1,1,1
1-(6-METHOXY-6-OXOHEXYL)PYRIDAZIN-1-IUM BROMIDE,100.0,1,3,3
1-(CYANOMETHYL)-1-METHYLPIPERIDIN-1-IUM BIS((TRIFLUOROMETHYL)SULFONYL)IMIDE,10.0,1,1,1
1-(CYANOMETHYL)-1-METHYLPIPERIDIN-1-IUM CHLORIDE,20.0,1,1,1
1-(CYANOMETHYL)-1-METHYLPYRROLIDIN-1-IUM CHLORIDE,17.1,1,1,1
1-(ETHOXYMETHYL)-1-METHYLPIPERIDIN-1-IUM CHLORIDE,17.2,1,1,1
1-(ETHOXYMETHYL)-1-METHYLPYRROLIDIN-1-IUM CHLORIDE,0.85,0,1,1
1-(FERROCENYLMETHYL)-3-DECYL-1 2 4-TRIAZOLIUM BROMIDE,0.000155,0,2,2
1-(FERROCENYLMETHYL)-3-DODECYL-1 2 4-TRIAZOLIUM BROMIDE,0.000147,0,2,2
1-(FERROCENYLMETHYL)-3-OCTYL-1 2 4-TRIAZOLIUM BROMIDE,0.000164,0,2,2
1-BENZOYL-3-DECYL-1H-IMIDAZOL-3-IUM BROMIDE,0.032,0,1,1
1-BENZYL-3-OCTADECYL-1H-BENZO D IMIDAZOL-3-IUM BROMIDE,0.00566,0,4,4
1-BENZYL-3-OCTADECYL-1H-IMIDAZOL-3-IUM BROMIDE,0.00692,0,4,4
1-BENZYLPYRIDIN-1-IUM BROMIDE,0.1372,0,7,7
1-BUTYL-1-METHYLPIPERIDIN-1-IUM BIS((TRIFLUOROMETHYL)SULFONYL)IMIDE,0.101,0,6,6
1-BUTYL-1-METHYLPIPERIDIN-1-IUM BROMIDE,11.0,1,3,3
1-BUTYL-1-METHYLPYRROLIDIN-1-IUM 1 1 2 2 3 3 4 4 4-NONAFLUOROBUTANE-1-SULFONATE,10.0,1,5,5
1-BUTYL-1-METHYLPYRROLIDIN-1-IUM BIS((TRIFLUOROMETHYL)SULFONYL)IMIDE,1.0,0,3,3
1-BUTYL-1-METHYLPYRROLIDIN-1-IUM CHLORIDE,19.953,1,9,9
1-BUTYL-1-METHYLPYRROLIDIN-1-IUM TETRAFLUOROBORATE,0.794,0,1,1
1-BUTYL-1H-IMIDAZOL-1-IUM CHLORIDE,11.9,1,1,1
1-BUTYL-2-METHYLPYRIDIN-1-IUM CHLORIDE,13.46,1,7,7
1-BUTYL-3-(2-(3-BUTYL-1H-IMIDAZOL-3-IUM-1-YL)ETHYL)-1H-IMIDAZOL-3-IUM BROMIDE,0.614,0,1,1
1-BUTYL-3-(2-ETHYLPHENYL)-1H-IMIDAZOL-3-IUM BROMIDE,0.123,0,1,1
1-BUTYL-3-(2-ETHYLPHENYL)-1H-IMIDAZOL-3-IUM IODIDE,0.105,0,1,1
1-BUTYL-3-(4-(ETHOXYCARBONYL)PHENYL)-1H-IMIDAZOL-3-IUM BROMIDE,0.468,0,1,1
1-BUTYL-3-(4-ETHOXYPHENYL)-1H-IMIDAZOL-3-IUM BROMIDE,0.085,0,1,1
1-BUTYL-3-(P-TOLYL)-1H-IMIDAZOL-3-IUM BROMIDE,0.214,0,1,1
1-BUTYL-3-VINYL-1H-IMIDAZOL-3-IUM CHLORIDE,0.991,0,1,1
1-BUTYL-4-(DIMETHYLAMINO)PYRIDIN-1-IUM BIS((TRIFLUOROMETHYL)SULFONYL)IMIDE,0.05,0,1,1
1-BUTYL-4-(DIMETHYLAMINO)PYRIDIN-1-IUM BROMIDE,0.05163,0,2,2
1-BUTYL-4-(DIMETHYLAMINO)PYRIDIN-1-IUM CHLORIDE,0.085,0,1,1
1-BUTYL-4-METHYLPYRIDIN-1-IUM HEXAFLUOROPHOSPHATE(V),1.0,0,1,1
1-BUTYL-4-METHYLPYRIDIN-1-IUM TETRAFLUOROBORATE,0.933,0,1,1
1-BUTYLPYRIDIN-1-IUM BROMIDE,0.06,0,11,11
1-BUTYLPYRIDIN-1-IUM CHLORIDE,29.13,1,9,9
1-BUTYLPYRIDIN-1-IUM CINNAMATE,17.15,1,1,1
1-BUTYLQUINOLIN-1-IUM BROMIDE,0.209,0,1,1
1-BUTYLQUINOLIN-1-IUM TETRAFLUOROBORATE,0.145,0,1,1
1-DECYL-1H-IMIDAZOL-1-IUM CHLORIDE,0.06,0,1,1
1-DECYLQUINOLIN-1-IUM BROMIDE,0.014,0,1,1
1-DODECYL-3-VINYL-1H-IMIDAZOL-3-IUM BIS((TRIFLUOROMETHYL)SULFONYL)IMIDE,0.0056,0,1,1
1-DODECYL-6-HYDROXYQUINOLIN-1-IUM BROMIDE,0.05,0,1,1
1-DODECYLPYRIDIN-1-IUM BROMIDE,0.0001,0,5,5
1-DODECYLQUINOLIN-1-IUM BROMIDE,0.006,0,1,1
1-ETHYL-1 4-DIMETHYLPIPERAZIN-1-IUM IODIDE,27.132,1,4,4
1-ETHYL-1-METHYLPIPERIDIN-1-IUM BROMIDE,15.0956,1,2,2
1-ETHYL-3-HEXYL-1H-IMIDAZOL-3-IUM BROMIDE,0.102,0,2,2
1-ETHYL-3-HEXYL-1H-IMIDAZOL-3-IUM TETRAFLUOROBORATE,0.182,0,2,2
1-ETHYL-3-METHYLPYRIDIN-1-IUM PERFLUOROBUTANESULFONATE,10.0,1,2,2
1-ETHYL-4-(2-HYDROXYETHYL)-3-PENTYL-1H-1 2 3-TRIAZOL-3-IUM 4-METHYLBENZENESULFONATE,0.172,0,4,4
1-ETHYL-4-(4-FLUOROBENZYL)-7 7 9 9-TETRA(PIPERIDIN-1-YL)-1 4 6 8 10-PENTAAZA-5L5 7L5 9L5-TRIPHOSPHASPIRO 4 5 DECA-5 7 9-TRIEN-6-IUM 2 5-DIHYDROXYBENZOATE,0.11148,0,3,3
1-ETHYL-4-(4-FLUOROBENZYL)-7 7 9 9-TETRA(PIPERIDIN-1-YL)-1 4 6 8 10-PENTAAZA-5L5 7L5 9L5-TRIPHOSPHASPIRO 4 5 DECA-5 7 9-TRIEN-6-IUM 2 6-DIHYDROXYBENZOATE,0.03787,0,3,3
1-ETHYL-4-(4-FLUOROBENZYL)-7 7 9 9-TETRA(PYRROLIDIN-1-YL)-1 4 6 8 10-PENTAAZA-5L5 7L5 9L5-TRIPHOSPHASPIRO 4 5 DECA-5(10) 6 8-TRIEN-6-IUM 2 5-DIHYDROXYBENZOATE,0.04318,0,3,3
1-ETHYL-4-(4-FLUOROBENZYL)-7 7 9 9-TETRA(PYRROLIDIN-1-YL)-1 4 6 8 10-PENTAAZA-5L5 7L5 9L5-TRIPHOSPHASPIRO 4 5 DECA-5(10) 6 8-TRIEN-6-IUM 2 6-DIHYDROXYBENZOATE,0.024055,0,3,3
1-ETHYLPYRIDIN-1-IUM BIS((TRIFLUOROMETHYL)SULFONYL)IMIDE,0.17,0,5,5
1-ETHYLPYRIDIN-1-IUM CHLORIDE,150.0,1,1,1
1-ETHYLPYRIDIN-1-IUM CINNAMATE,34.22,1,1,1
1-HEPTYLPYRIDIN-1-IUM BROMIDE,0.06,0,2,2
1-HEXADECYL-6-HYDROXYQUINOLIN-1-IUM BROMIDE,0.02,0,1,1
1-HEXADECYLPYRIDIN-1-IUM (2S 5R 6R)-6-((R)-2-AMINO-2-PHENYLACETAMIDO)-3 3-DIMETHYL-7-OXO-4-THIA-1-AZABICYCLO 3 2 0 HEPTANE-2-CARBOXYLATE,5e-06,0,16,16
1-HEXADECYLPYRIDIN-1-IUM 2-HYDROXYBENZOATE,0.038,0,1,1
1-HEXADECYLPYRIDIN-1-IUM BROMIDE,0.0023,0,3,3
1-HEXADECYLPYRIDIN-1-IUM CHLORIDE,0.002,0,4,4
1-HEXYL-1-METHYLPYRROLIDIN-1-IUM BIS((TRIFLUOROMETHYL)SULFONYL)IMIDE,0.107,0,4,4
1-HEXYL-3-(2-(3-HEXYL-1H-IMIDAZOL-3-IUM-1-YL)ETHYL)-1H-IMIDAZOL-3-IUM BROMIDE,0.0934,0,1,1
1-HEXYL-4-METHYLPYRIDIN-1-IUM TETRAFLUOROBORATE,0.148,0,1,1
1-HEXYLPYRIDIN-1-IUM BIS((TRIFLUOROMETHYL)SULFONYL)IMIDE,0.081,0,4,4
1-HEXYLPYRIDIN-1-IUM BROMIDE,0.06,0,6,6
1-HEXYLQUINOLIN-1-IUM TETRAFLUOROBORATE,0.012,0,1,1
1-METHYL-1-OCTYLPIPERIDIN-1-IUM BIS((TRIFLUOROMETHYL)SULFONYL)IMIDE,0.025,0,1,1
1-METHYL-1-OCTYLPIPERIDIN-1-IUM BROMIDE,0.54,0,2,2
1-METHYL-1-OCTYLPYRROLIDIN-1-IUM BIS((TRIFLUOROMETHYL)SULFONYL)IMIDE,0.073,0,5,5
1-METHYL-1-OCTYLPYRROLIDIN-1-IUM BROMIDE,0.08,0,2,2
1-METHYL-1-OCTYLPYRROLIDIN-1-IUM CHLORIDE,0.389,0,1,1
1-METHYL-1-OCTYLPYRROLIDIN-1-IUM TETRAFLUOROBORATE,0.066,0,1,1
1-METHYL-1-PROPYLPIPERIDIN-1-IUM BROMIDE,24.7,1,2,2
1-METHYL-1-PROPYLPYRROLIDIN-1-IUM BROMIDE,43.4,1,2,2
1-METHYL-1H-IMIDAZOL-1-IUM BROMIDE,67.83,1,1,1
1-METHYL-1H-IMIDAZOL-1-IUM CHLORIDE,67.75,1,1,1
1-METHYL-1H-IMIDAZOL-1-IUM HYDROGEN SULFATE,26.42,1,1,1
1-METHYL-1H-IMIDAZOL-1-IUM NITRATE,72.75,1,1,1
1-METHYL-1H-IMIDAZOL-1-IUM TRIFLUOROMETHANESULFONATE,47.43,1,1,1
1-METHYL-3-((METHYLTHIO)METHYL)-1H-IMIDAZOL-3-IUM CHLORIDE,0.5,0,6,6
1-METHYL-3-((OCTYLOXY)METHYL)-1H-IMIDAZOL-3-IUM 2-(2-ISOPROPYL-5-METHYLPHENOXY)ACETATE,0.0111,0,1,1
1-METHYL-3-((OCTYLOXY)METHYL)-1H-IMIDAZOL-3-IUM 2-(4-ALLYL-2-METHOXYPHENOXY)ACETATE,0.0111,0,1,1
1-METHYL-3-((OCTYLOXY)METHYL)-1H-IMIDAZOL-3-IUM 2-(4-FORMYL-2-METHOXYPHENOXY)ACETATE,0.0111,0,1,1
1-METHYL-3-((OCTYLOXY)METHYL)-1H-IMIDAZOL-3-IUM 2-(5-ISOPROPYL-2-METHYLPHENOXY)ACETATE,0.0101,0,1,1
1-METHYL-3-((OCTYLOXY)METHYL)-1H-IMIDAZOL-3-IUM 4-HYDROXYBENZENESULFONATE,0.0122,0,1,1
1-METHYL-3-((OCTYLOXY)METHYL)-1H-IMIDAZOL-3-IUM BENZENESULFONATE,0.0122,0,1,1
1-METHYL-3-((OCTYLOXY)METHYL)-1H-IMIDAZOL-3-IUM CHLORIDE,0.0197,0,1,1
1-METHYL-3-((OCTYLOXY)METHYL)-1H-IMIDAZOL-3-IUM FORMATE,0.0184,0,1,1
1-METHYL-3-((OCTYLOXY)METHYL)-1H-IMIDAZOL-3-IUM PIVALATE,0.0163,0,1,1
1-METHYL-3-((OCTYLOXY)METHYL)-1H-IMIDAZOL-3-IUM PROPIONATE,0.0158,0,1,1
1-METHYL-3-(2-((6-(METHYLSULFONYL)BENZO D THIAZOL-2-YL)AMINO)-2-OXOETHYL)-1H-IMIDAZOL-3-IUM 2 2 2-TRIFLUOROACETATE,0.213,0,3,3
1-METHYL-3-(2-((6-(METHYLSULFONYL)BENZO D THIAZOL-2-YL)AMINO)-2-OXOETHYL)-1H-IMIDAZOL-3-IUM BROMIDE,0.211,0,5,5
1-METHYL-3-(2-((6-(METHYLSULFONYL)BENZO D THIAZOL-2-YL)AMINO)-2-OXOETHYL)-1H-IMIDAZOL-3-IUM HEXAFLUOROPHOSPHATE(V),0.21,0,4,4
1-METHYL-3-(2-((6-(METHYLSULFONYL)BENZO D THIAZOL-2-YL)AMINO)-2-OXOETHYL)-1H-IMIDAZOL-3-IUM TETRAFLUOROBORATE,0.199,0,4,4
1-METHYL-3-(2-((6-METHYLBENZO D THIAZOL-2-YL)AMINO)-2-OXOETHYL)-1H-IMIDAZOL-3-IUM 2 2 2-TRIFLUOROACETATE,0.181,0,4,4
1-METHYL-3-(2-((6-METHYLBENZO D THIAZOL-2-YL)AMINO)-2-OXOETHYL)-1H-IMIDAZOL-3-IUM BROMIDE,0.122,0,4,4
1-METHYL-3-(2-((6-METHYLBENZO D THIAZOL-2-YL)AMINO)-2-OXOETHYL)-1H-IMIDAZOL-3-IUM HEXAFLUOROPHOSPHATE(V),0.177,0,4,4
1-METHYL-3-(2-((6-METHYLBENZO D THIAZOL-2-YL)AMINO)-2-OXOETHYL)-1H-IMIDAZOL-3-IUM TETRAFLUOROBORATE,0.112,0,4,4
1-METHYL-3-(2-(OCTYLOXY)-2-OXOETHYL)-1H-IMIDAZOL-3-IUM CHLORIDE,0.26364,0,3,3
1-METHYL-3-(3 3 4 4 5 5 6 6 7 7 8 8 8-TRIDECAFLUOROOCTYL)-1H-IMIDAZOL-3-IUM HEXAFLUOROPHOSPHATE(V),10.0,1,2,2
1-METHYL-3-(4-(DODECANOYLOXY)BUTYL)-1H-IMIDAZOL-3-IUM CHLORIDE,0.4,0,1,1
1-METHYL-3-(4-(PALMITOYLOXY)BUTYL)-1H-IMIDAZOL-3-IUM CHLORIDE,0.16,0,1,1
1-METHYL-3-(4-(STEAROYLOXY)BUTYL)-1H-IMIDAZOL-3-IUM CHLORIDE,0.1,0,1,1
1-METHYL-3-(4-(TETRADECANOYLOXY)BUTYL)-1H-IMIDAZOL-3-IUM CHLORIDE,0.34,0,1,1
1-METHYL-3-(4-(TRIDECANOYLOXY)BUTYL)-1H-IMIDAZOL-3-IUM CHLORIDE,0.39,0,1,1
1-METHYL-3-(4-(UNDECANOYLOXY)BUTYL)-1H-IMIDAZOL-3-IUM CHLORIDE,0.54,0,1,1
1-METHYL-3-(4-METHYLBENZYL)-1H-IMIDAZOL-3-IUM CHLORIDE,0.437,0,1,1
1-METHYL-3-(4-METHYLBENZYL)-1H-IMIDAZOL-3-IUM HEXAFLUOROPHOSPHATE(V),0.457,0,1,1
1-METHYL-3-(4-METHYLBENZYL)-1H-IMIDAZOL-3-IUM TETRAFLUOROBORATE,0.468,0,1,1
1-METHYL-3-(PENTYLOXY)-1H-IMIDAZOL-3-IUM BIS((TRIFLUOROMETHYL)SULFONYL)IMIDE,0.26,0,1,1
1-METHYL-3-(PROP-2-YN-1-YL)-1H-IMIDAZOL-3-IUM BIS((TRIFLUOROMETHYL)SULFONYL)IMIDE,0.41,0,1,1
1-METHYL-3-NONYL-1H-IMIDAZOL-3-IUM CHLORIDE,0.025,0,2,2
1-METHYL-3-NONYL-1H-IMIDAZOL-3-IUM HEXAFLUOROPHOSPHATE(V),0.07,0,3,3
1-METHYL-3-NONYL-1H-IMIDAZOL-3-IUM TETRAFLUOROBORATE,0.045,0,2,2
1-METHYL-3-OCTADECYL-1H-IMIDAZOL-3-IUM BIS((TRIFLUOROMETHYL)SULFONYL)IMIDE,0.00397,0,61,61
1-METHYL-3-OCTADECYL-1H-IMIDAZOL-3-IUM CHLORIDE,0.00072,0,59,59
1-METHYL-3-OCTADECYL-1H-IMIDAZOL-3-IUM HEXAFLUOROPHOSPHATE(V),0.000811,0,57,57
1-METHYL-3-OCTADECYL-1H-IMIDAZOL-3-IUM TRIFLUOROTRIS(PERFLUOROETHYL)PHOSPHATE(V),0.000678,0,60,60
1-METHYL-3-OCTADECYL-2-(THIAZOL-4-YL)-1H-BENZO D IMIDAZOL-3-IUM IODIDE,0.00155,0,4,4
1-METHYL-3-OCTADECYL-2-(THIAZOL-4-YL)-1H-BENZO D IMIDAZOL-3-IUM NITRATE,0.00222,0,4,4
1-METHYL-3-OCTADECYL-2-(THIAZOL-4-YL)-1H-BENZO D IMIDAZOL-3-IUM TETRAFLUOROBORATE,0.00094,0,4,4
1-METHYL-3-OCTADECYL-2-(THIAZOL-4-YL)-1H-BENZO D IMIDAZOL-3-IUM TRIFLUOROMETHANESULFONATE,0.00133,0,4,4
1-METHYL-3-OCTYL-1H-1 2 3-TRIAZOL-3-IUM BROMIDE,0.08,0,1,1
1-METHYL-3-OCTYL-1H-IMIDAZOL-3-IUM 2-(6-METHOXYNAPHTHALEN-2-YL)PROPANOATE,0.1735,0,1,1
1-METHYL-3-OCTYL-1H-IMIDAZOL-3-IUM BIS((TRIFLUOROMETHYL)SULFONYL)IMIDE,0.19,0,1,1
1-METHYL-3-OCTYL-1H-IMIDAZOL-3-IUM BROMIDE,0.0029,0,8,8
1-METHYL-3-OCTYL-1H-IMIDAZOL-3-IUM CHLORIDE,0.0062,0,16,16
1-METHYL-3-OCTYL-1H-IMIDAZOL-3-IUM DICYANAMIDE,0.259,0,2,2
1-METHYL-3-OCTYL-1H-IMIDAZOL-3-IUM HEXAFLUOROPHOSPHATE(V),0.091,0,10,10
1-METHYL-3-OCTYL-1H-IMIDAZOL-3-IUM TETRAFLUOROBORATE,0.039,0,16,16
1-METHYL-3-OCTYL-1H-IMIDAZOL-3-IUM TRIFLUOROMETHANESULFONATE,0.014,0,4,4
1-METHYL-3-OCTYL-2-(THIAZOL-4-YL)-1H-BENZO D IMIDAZOL-3-IUM IODIDE,0.01048,0,4,4
1-METHYL-3-OCTYL-2-(THIAZOL-4-YL)-1H-BENZO D IMIDAZOL-3-IUM NITRATE,0.00386,0,4,4
1-METHYL-3-PENTYL-1H-IMIDAZOL-3-IUM BIS((TRIFLUOROMETHYL)SULFONYL)IMIDE,0.26,0,2,2
1-METHYL-3-PENTYL-1H-IMIDAZOL-3-IUM CHLORIDE,1.0,0,2,2
1-METHYL-3-PENTYL-1H-IMIDAZOL-3-IUM HEXAFLUOROPHOSPHATE(V),1.0,0,2,2
1-METHYL-3-PENTYL-1H-IMIDAZOL-3-IUM TETRAFLUOROBORATE,1.0,0,2,2
1-METHYL-3-PHENETHYL-1H-IMIDAZOL-3-IUM CHLORIDE,1.0,0,1,1
1-METHYL-3-PHENETHYL-1H-IMIDAZOL-3-IUM HEXAFLUOROPHOSPHATE(V),0.851,0,1,1
1-METHYL-3-PROPYL-1H-IMIDAZOL-3-IUM CHLORIDE,19.953,1,8,8
1-METHYL-3-PROPYL-1H-IMIDAZOL-3-IUM HEXAFLUOROPHOSPHATE(V),1.0,0,1,1
1-METHYL-3-PROPYL-1H-IMIDAZOL-3-IUM TETRAFLUOROBORATE,1.0,0,2,2
1-METHYL-3-TETRADECYL-1H-IMIDAZOL-3-IUM CHLORIDE,0.0004,0,5,5
1-METHYL-3-TETRADECYL-2-(THIAZOL-4-YL)-1H-BENZO D IMIDAZOL-3-IUM IODIDE,0.00107,0,4,4
1-METHYL-3-TETRADECYL-2-(THIAZOL-4-YL)-1H-BENZO D IMIDAZOL-3-IUM TETRAFLUOROBORATE,0.00116,0,4,4
1-N-(FERROCENYLMETHYL)-3-N-(OCTYL)BENZIMIDAZOLIUM BROMIDE,0.000157,0,2,2
1-N-(FERROCENYLMETHYL)-3-N-(OCTYL)IMIDAZOLIUM BROMIDE,0.000174,0,2,2
1-N-(FERROCENYLMETHYL)-3-TETRADECYL-1 2 4-TRIAZOLIUM BROMIDE,0.000147,0,2,2
1-N-(FERROCENYLMETHYL)3-N-(DECYL)BENZIMIDAZOLIUM BROMIDE,0.000148,0,2,2
1-N-(FERROCENYLMETHYL)3-N-(DECYL)IMIDAZOLE BROMIDE,0.000164,0,2,2
1-N-(FERROCENYLMETHYL)3-N-(DODECYL)BENZIMIDAZOLIUM BROMIDE,0.000141,0,2,2
1-N-(FERROCENYLMETHYL)3-N-(DODECYL)IMIDAZOLE BROMIDE,0.000155,0,2,2
1-N-(FERROCENYLMETHYL)3-N-(TETRADECYL)BENZIMIDAZOLIUM BROMIDE,0.000134,0,2,2
1-N-(FERROCENYLMETHYL)3-N-(TETRADECYL)IMIDAZOLE BROMIDE,0.000174,0,2,2
1-OCTADECYLQUINOLIN-1-IUM BROMIDE,0.003,0,1,1
1-OCTYL-3-VINYL-1H-IMIDAZOL-3-IUM CHLORIDE,0.465,0,1,1
1-OCTYLPYRIDIN-1-IUM BIS((TRIFLUOROMETHYL)SULFONYL)IMIDE,0.028,0,4,4
1-OCTYLPYRIDIN-1-IUM BROMIDE,0.0007,0,8,8
1-OCTYLQUINOLIN-1-IUM BROMIDE,0.00093,0,10,10
1-OCTYLQUINOLIN-1-IUM TETRAFLUOROBORATE,0.0014,0,1,1
1-PENTYLPYRIDIN-1-IUM BROMIDE,0.06,0,2,2
1-PROPYL-3-(P-TOLYL)-1H-IMIDAZOL-3-IUM BROMIDE,0.234,0,1,1
1-TETRADECYLPYRIDIN-1-IUM BROMIDE,0.02,0,2,2
1-TETRADECYLQUINOLIN-1-IUM BROMIDE,0.00041,0,8,8
1H-IMIDAZOL-3-IUM 2-HYDROXYBENZOATE,0.02303,0,6,6
2 2 -(ETHANE-1 2-DIYLBIS(OXY))BIS(N-(2-HYDROXYETHYL)-N N-DIMETHYLETHAN-1-AMINIUM) ((4-BUTYLPHENYL)SULFONYL)((TRIFLUOROMETHYL)SULFONYL)IMIDE,0.115,0,1,1
2 2 -(ETHANE-1 2-DIYLBIS(OXY))BIS(N-(2-HYDROXYETHYL)-N N-DIMETHYLETHAN-1-AMINIUM) ((4-HEXYLPHENYL)SULFONYL)((TRIFLUOROMETHYL)SULFONYL)IMIDE,0.126,0,1,1
2 2 -(ETHANE-1 2-DIYLBIS(OXY))BIS(N-(2-HYDROXYETHYL)-N N-DIMETHYLETHAN-1-AMINIUM) ((4-OCTYLPHENYL)SULFONYL)((TRIFLUOROMETHYL)SULFONYL)IMIDE,0.0337,0,1,1
2 2 -(ETHANE-1 2-DIYLBIS(OXY))BIS(N-(2-HYDROXYETHYL)-N N-DIMETHYLETHAN-1-AMINIUM) ((PERFLUOROPHENYL)SULFONYL)((TRIFLUOROMETHYL)SULFONYL)IMIDE,0.236,0,1,1
2 2 -(ETHANE-1 2-DIYLBIS(OXY))BIS(N-(2-HYDROXYETHYL)-N N-DIMETHYLETHAN-1-AMINIUM) (BUTYLSULFONYL)((TRIFLUOROMETHYL)SULFONYL)IMIDE,11.7,1,1,1
2 2 -(ETHANE-1 2-DIYLBIS(OXY))BIS(N-(2-HYDROXYETHYL)-N N-DIMETHYLETHAN-1-AMINIUM) (MESITYLSULFONYL)((TRIFLUOROMETHYL)SULFONYL)IMIDE,0.458,0,1,1
2 2 -(ETHANE-1 2-DIYLBIS(OXY))BIS(N-(2-HYDROXYETHYL)-N N-DIMETHYLETHAN-1-AMINIUM) (OCTYLSULFONYL)((TRIFLUOROMETHYL)SULFONYL)IMIDE,0.199,0,1,1
2 2 -(ETHANE-1 2-DIYLBIS(OXY))BIS(N-(2-HYDROXYETHYL)-N N-DIMETHYLETHAN-1-AMINIUM) CHLORIDE,89.8,1,1,1
2 2 -OXYBIS(N N-BIS(2-HYDROXYETHYL)-N-METHYLETHAN-1-AMINIUM) ACETATE,223.8,1,1,1
2 3 4 6 7 8-HEXAHYDRO-1H-PYRROLO 1 2-A PYRIMIDIN-5-IUM (1-HYDROXYETHANE-1 1-DIYL)BIS(HYDROGEN PHOSPHONATE),0.002,0,2,2
2 3 4 6 7 8-HEXAHYDRO-1H-PYRROLO 1 2-A PYRIMIDIN-5-IUM (4-AMINO-1-HYDROXYBUTANE-1 1-DIYL)BIS(HYDROGEN PHOSPHONATE),0.000165,0,6,6
2 3 4 6 7 8-HEXAHYDRO-1H-PYRROLO 1 2-A PYRIMIDIN-5-IUM ACETATE,69.0,1,1,1
2 3 4 6 7 8-HEXAHYDRO-1H-PYRROLO 1 2-A PYRIMIDIN-5-IUM CHLORIDE,0.000278,0,7,7
2 3 4 6 7 8-HEXAHYDRO-1H-PYRROLO 1 2-A PYRIMIDIN-5-IUM HYDROGEN (1-HYDROXY-1-PHOSPHONOETHYL)PHOSPHONATE,0.00093,0,3,3
2 3 4 6 7 8-HEXAHYDRO-1H-PYRROLO 1 2-A PYRIMIDIN-5-IUM HYDROGEN (4-AMINO-1-HYDROXY-1-PHOSPHONOBUTYL)PHOSPHONATE,0.072,0,4,4
2-((2 6-DIMETHYLPHENYL)AMINO)-N N-DIETHYL-2-OXOETHAN-1-AMINIUM 2-(4-ISOBUTYLPHENYL)PROPANOATE,0.875,0,1,1
2-((METHYLTHIO)METHYL)ISOQUINOLIN-2-IUM CHLORIDE,0.5,0,6,6
2-(CINNAMOYLOXY)-N N N-TRIMETHYLETHAN-1-AMINIUM CHLORIDE,10.23,1,1,1
2-(HEXYLOXY)-N N N-TRIMETHYL-2-OXOETHAN-1-AMINIUM BROMIDE,26.6,1,1,1
2-ETHOXY-2-OXOETHAN-1-AMINIUM NITRATE,20.0,1,1,1
2-ETHOXY-N-ETHYL-N N-DIMETHYLETHAN-1-AMINIUM CHLORIDE,20.0,1,1,1
2-ETHYL-N N-DIMETHYL-N-(2-((2R 3S 4R 5R)-2 3 4 5 6-PENTAHYDROXYHEXANAMIDO)ETHYL)HEXAN-1-AMINIUM BIS((TRIFLUOROMETHYL)SULFONYL)IMIDE,0.087,0,3,3
2-ETHYL-N N-DIMETHYL-N-(2-((2R 3S 4R 5R)-2 3 4 5 6-PENTAHYDROXYHEXANAMIDO)ETHYL)HEXAN-1-AMINIUM BROMIDE,0.83,0,3,3
2-ETHYL-N N-DIMETHYL-N-(3-((2R 3S 4R 5R)-2 3 4 5 6-PENTAHYDROXYHEXANAMIDO)PROPYL)HEXAN-1-AMINIUM BROMIDE,0.71,0,3,3
2-ETHYL-N-(2-(2-HYDROXYACETAMIDO)ETHYL)-N N-DIMETHYLHEXAN-1-AMINIUM BROMIDE,0.88,0,3,3
2-HYDROXY-N N N-TRIMETHYLETHAN-1-AMINIUM ((1R 3AS 5AR 5BR 7AR 9S 11AR 11BR 13AR 13BR)-9-HYDROXY-5A 5B 8 8 11A-PENTAMETHYL-1-(PROP-1-EN-2-YL)ICOSAHYDRO-1H-CYCLOPENTA A CHRYSENE-3A-CARBONYL)GLYCINATE,0.07,0,4,4
2-HYDROXY-N N N-TRIMETHYLETHAN-1-AMINIUM (1R 3AS 5AR 5BR 7AR 9S 11AR 11BR 13AR 13BR)-9-HYDROXY-5A 5B 8 8 11A-PENTAMETHYL-1-(PROP-1-EN-2-YL)ICOSAHYDRO-3AH-CYCLOPENTA A CHRYSENE-3A-CARBOXYLATE,0.0254,0,4,4
2-HYDROXY-N N N-TRIMETHYLETHAN-1-AMINIUM (1S 2R 4AS 6AS 6BR 8AR 10S 12AR 12BR 14BS)-10-HYDROXY-1 2 6A 6B 9 9 12A-HEPTAMETHYL-1 3 4 5 6 6A 6B 7 8 8A 9 10 11 12 12A 12B 13 14B-OCTADECAHYDROPICENE-4A(2H)-CARBOXYLATE,0.00893,0,1,1
2-HYDROXY-N N N-TRIMETHYLETHAN-1-AMINIUM (2S 5R 6R)-6-((R)-2-AMINO-2-PHENYLACETAMIDO)-3 3-DIMETHYL-7-OXO-4-THIA-1-AZABICYCLO 3 2 0 HEPTANE-2-CARBOXYLATE,1.7e-05,0,5,5
2-HYDROXY-N N N-TRIMETHYLETHAN-1-AMINIUM (4-(((2 4-DIAMINOPTERIDIN-6-YL)METHYL)(METHYL)AMINO)BENZOYL)-L-GLUTAMATE,0.0921,0,1,1
2-HYDROXY-N N N-TRIMETHYLETHAN-1-AMINIUM (4-AMINO-1-HYDROXY-1-PHOSPHONOBUTYL)PHOSPHONATE,0.00264,0,8,8
2-HYDROXY-N N N-TRIMETHYLETHAN-1-AMINIUM (4AS 6AS 6BR 8AR 10S 12AR 12BR 14BS)-10-HYDROXY-2 2 6A 6B 9 9 12A-HEPTAMETHYL-1 3 4 5 6 6A 6B 7 8 8A 9 10 11 12 12A 12B 13 14B-OCTADECAHYDROPICENE-4A(2H)-CARBOXYLATE,0.03166,0,1,1
2-HYDROXY-N N N-TRIMETHYLETHAN-1-AMINIUM (9Z 12Z)-OCTADECA-9 12-DIENOATE,0.33,0,1,1
2-HYDROXY-N N N-TRIMETHYLETHAN-1-AMINIUM (Z)-DOCOS-13-ENOATE,0.29,0,1,1
2-HYDROXY-N N N-TRIMETHYLETHAN-1-AMINIUM 1 1 2 2 3 3 4 4 4-NONAFLUOROBUTANE-1-SULFONATE,10.0,1,3,3
2-HYDROXY-N N N-TRIMETHYLETHAN-1-AMINIUM 2-(6-METHOXYNAPHTHALEN-2-YL)PROPANOATE,0.7833,0,1,1
2-HYDROXY-N N N-TRIMETHYLETHAN-1-AMINIUM 2-AMINO-3-CARBOXYPROPANOATE,55.784,1,1,1
2-HYDROXY-N N N-TRIMETHYLETHAN-1-AMINIUM 2-AMINO-3-METHYLPENTANOATE,42.289,1,1,1
2-HYDROXY-N N N-TRIMETHYLETHAN-1-AMINIUM 2-CARBOXYACETATE,54.4,1,4,4
2-HYDROXY-N N N-TRIMETHYLETHAN-1-AMINIUM 3-CARBOXYPROPANOATE,49.0,1,4,4
2-HYDROXY-N N N-TRIMETHYLETHAN-1-AMINIUM ACETATE,55.0,1,8,8
2-HYDROXY-N N N-TRIMETHYLETHAN-1-AMINIUM ALANINATE,41.647,1,1,1
2-HYDROXY-N N N-TRIMETHYLETHAN-1-AMINIUM BIS((PERFLUOROBUTYL)SULFONYL)IMIDE,0.03524,0,2,2
2-HYDROXY-N N N-TRIMETHYLETHAN-1-AMINIUM BIS(2 4 4-TRIMETHYLPENTYL)PHOSPHINATE,0.245,0,1,1
2-HYDROXY-N N N-TRIMETHYLETHAN-1-AMINIUM BIS(2-ETHYLHEXYL) PHOSPHATE,0.269,0,2,2
2-HYDROXY-N N N-TRIMETHYLETHAN-1-AMINIUM BROMIDE,69.55,1,3,3
2-HYDROXY-N N N-TRIMETHYLETHAN-1-AMINIUM CHLORIDE,0.000347,0,10,10
2-HYDROXY-N N N-TRIMETHYLETHAN-1-AMINIUM CINNAMATE,12.92,1,1,1
2-HYDROXY-N N N-TRIMETHYLETHAN-1-AMINIUM DIHYDROGEN PHOSPHATE,19.055,1,3,3
2-HYDROXY-N N N-TRIMETHYLETHAN-1-AMINIUM GLYCINATE,45.75,1,1,1
2-HYDROXY-N N N-TRIMETHYLETHAN-1-AMINIUM HEXANOATE,16.0,1,1,1
2-HYDROXY-N N N-TRIMETHYLETHAN-1-AMINIUM HYDROGEN (4-AMINO-1-HYDROXY-1-PHOSPHONOBUTYL)PHOSPHONATE,0.0666,0,8,8
2-HYDROXY-N N N-TRIMETHYLETHAN-1-AMINIUM L-VALINATE,52.3,1,4,4
2-HYDROXY-N N N-TRIMETHYLETHAN-1-AMINIUM LYSINATE,19.983,1,1,1
2-HYDROXY-N N N-TRIMETHYLETHAN-1-AMINIUM OLEATE,0.59,0,1,1
2-HYDROXY-N N N-TRIMETHYLETHAN-1-AMINIUM SERINATE,47.546,1,1,1
2-HYDROXY-N-METHYLETHAN-1-AMINIUM OLEATE,0.5,0,1,1
2-HYDROXYETHAN-1-AMINIUM 2-HYDROXYPROPANE-1 2 3-TRICARBOXYLATE,0.01512,0,2,2
2-HYDROXYETHAN-1-AMINIUM 2-HYDROXYPROPANOATE,0.06613,0,2,2
2-HYDROXYETHAN-1-AMINIUM ACETATE,0.1423,0,3,3
2-HYDROXYETHAN-1-AMINIUM ADIPATE,0.02054,0,2,2
2-HYDROXYETHAN-1-AMINIUM FORMATE,0.09197,0,3,3
2-HYDROXYETHAN-1-AMINIUM NITRATE,0.4,0,1,1
2-HYDROXYETHAN-1-AMINIUM OLEATE,0.5,0,1,1
2-HYDROXYETHAN-1-AMINIUM PROPIONATE,0.05879,0,2,2
2-METHOXY-2-OXOETHAN-1-AMINIUM NITRATE,35.0,1,1,1
2-METHYL-1-OCTYLPYRIDIN-1-IUM BROMIDE,0.008,0,1,1
3 3 -(((((((5 8-DIHYDROXY-9 10-DIOXO-9 10-DIHYDROANTHRACENE-1 4-DIYL)BIS(AZANEDIYL))BIS(ETHANE-2 1-DIYL))BIS((11-(1-METHYL-1H-IMIDAZOL-3-IUM-3-YL)UNDECANOYL)AZANEDIYL))BIS(ETHANE-2 1-DIYL))BIS(OXY))BIS(11-OXOUNDECANE-11 1-DIYL))BIS(1-METHYL-1H-IMIDAZOL-3-IUM) TETRAFLUOROBORATE,0.0112,0,3,3
3 3 -((((1E 1 E)-((1 3 4-THIADIAZOLE-2 5-DIYL)BIS(AZANYLYLIDENE))BIS(METHANYLYLIDENE))BIS(4-HYDROXY-5-METHOXY-3 1-PHENYLENE))BIS(METHYLENE))BIS(2-METHYL-1H-IMIDAZOL-3-IUM) CHLORIDE,0.158,0,1,1
3 3 -(((OXYBIS(ETHANE-2 1-DIYL))BIS(OXY))BIS(ETHANE-2 1-DIYL))BIS(1-METHYL-1H-IMIDAZOL-3-IUM) CHLORIDE,10.0,1,1,1
3 3 -((2 2 -DIHYDROXY- 1 1 -BINAPHTHALENE -3 3 -DIYL)BIS(METHYLENE))BIS(1-BUTYL-1H-IMIDAZOL-3-IUM) BIS((TRIFLUOROMETHYL)SULFONYL)IMIDE,0.0238,0,1,1
3 3 -((2 2 -DIHYDROXY- 1 1 -BINAPHTHALENE -3 3 -DIYL)BIS(METHYLENE))BIS(1-DODECYL-1H-IMIDAZOL-3-IUM) BIS((TRIFLUOROMETHYL)SULFONYL)IMIDE,0.0092,0,1,1
3 3 -((2 2 -DIHYDROXY- 1 1 -BINAPHTHALENE -3 3 -DIYL)BIS(METHYLENE))BIS(1-OCTYL-1H-IMIDAZOL-3-IUM) BIS((TRIFLUOROMETHYL)SULFONYL)IMIDE,0.0117,0,1,1
3 3 -((BUTANE-1 4-DIYLBIS(SULFANEDIYL))BIS(3-(3-PENTADECYLPHENOXY)PROPANE-1 2-DIYL))BIS(1-METHYL-1H-IMIDAZOL-3-IUM) BROMIDE,0.054,0,1,1
3 3 -((ETHANE-1 2-DIYLBIS(SULFANEDIYL))BIS(3-(3-PENTADECYLPHENOXY)PROPANE-1 2-DIYL))BIS(1-METHYL-1H-IMIDAZOL-3-IUM) BROMIDE,0.0553,0,1,1
3 3 -((HEXANE-1 6-DIYLBIS(SULFANEDIYL))BIS(3-(3-PENTADECYLPHENOXY)PROPANE-1 2-DIYL))BIS(1-METHYL-1H-IMIDAZOL-3-IUM) BROMIDE,0.04,0,1,1
3 3 -((PROPANE-1 3-DIYLBIS(SULFANEDIYL))BIS(3-(3-PENTADECYLPHENOXY)PROPANE-1 2-DIYL))BIS(1-METHYL-1H-IMIDAZOL-3-IUM) BROMIDE,0.0396,0,1,1
3 3 -(BUTANE-1 4-DIYL)BIS(1-(2-HYDROXYDODECYL)-1H-IMIDAZOL-3-IUM) BROMIDE,0.02543,0,1,1
3 3 -(DECANE-1 10-DIYL)BIS(1-METHYL-1H-IMIDAZOL-3-IUM) BROMIDE,12.3,1,1,1
3 3 -(DECANE-1 10-DIYL)BIS(1-METHYL-1H-IMIDAZOL-3-IUM) L-HISTIDINATE,12.9,1,1,1
3 3 -(DECANE-1 10-DIYL)BIS(1-METHYL-1H-IMIDAZOL-3-IUM) L-LEUCINATE,12.3,1,1,1
3 3 -(DECANE-1 10-DIYL)BIS(1-METHYL-1H-IMIDAZOL-3-IUM) L-METHIONINATE,13.9,1,1,1
3 3 -(HEXANE-1 6-DIYL)BIS(1-(2-HYDROXYDODECYL)-1H-IMIDAZOL-3-IUM) BROMIDE,0.02076,0,1,1
3 3 -(METHYLPHOSPHORYL)DIBENZENAMINIUM CHLORIDE,0.05,0,3,3
3 3 -(NONANE-1 9-DIYL)BIS(1-VINYL-1H-IMIDAZOL-3-IUM) BIS((TRIFLUOROMETHYL)SULFONYL)IMIDE,31.698,1,1,1
3 3 -(OCTANE-1 8-DIYL)BIS(1-(2-HYDROXYDODECYL)-1H-IMIDAZOL-3-IUM) BROMIDE,0.01006,0,1,1
3 3 -(OCTANE-1 8-DIYL)BIS(1-METHYL-1H-IMIDAZOL-3-IUM) BROMIDE,24.6,1,1,1
3 3 -(OCTANE-1 8-DIYL)BIS(1-METHYL-1H-IMIDAZOL-3-IUM) L-LEUCINATE,12.5,1,1,1
3 3 -(OCTANE-1 8-DIYL)BIS(1-METHYL-1H-IMIDAZOL-3-IUM) L-METHIONINATE,24.2,1,1,1
3 3 -(PENTANE-1 5-DIYL)BIS(1-(2-HYDROXYDODECYL)-1H-IMIDAZOL-3-IUM) BROMIDE,0.02173,0,1,1
3 3 -(PHENYLPHOSPHORYL)DIBENZENAMINIUM CHLORIDE,0.05,0,3,3
3 3 -(PROPANE-1 3-DIYL)BIS(1-(2-HYDROXYDODECYL)-1H-IMIDAZOL-3-IUM) BROMIDE,0.02231,0,1,1
3 3 3 -((2 4 6-TRIMETHYLBENZENE-1 3 5-TRIYL)TRIS(METHYLENE))TRIS(1-((S)-1-(DODECYLAMINO)-3-METHYL-1-OXOBUTAN-2-YL)-1H-IMIDAZOL-3-IUM) BROMIDE,0.0028,0,7,7
3 3 3 -((2 4 6-TRIMETHYLBENZENE-1 3 5-TRIYL)TRIS(METHYLENE))TRIS(1-((S)-3-METHYL-1-(METHYLAMINO)-1-OXOBUTAN-2-YL)-1H-IMIDAZOL-3-IUM) BROMIDE,0.1,0,7,7
3 3 3 -(BENZENE-1 3 5-TRIYLTRIS(METHYLENE))TRIS(1-((S)-1-(BENZYLAMINO)-1-OXO-3-PHENYLPROPAN-2-YL)-1H-IMIDAZOL-3-IUM) BIS((TRIFLUOROMETHYL)SULFONYL)IMIDE,0.0048,0,7,7
3 3 3 -(BENZENE-1 3 5-TRIYLTRIS(METHYLENE))TRIS(1-((S)-1-(BENZYLAMINO)-1-OXO-3-PHENYLPROPAN-2-YL)-1H-IMIDAZOL-3-IUM) BROMIDE,0.0042,0,7,7
3 3 3 -(BENZENE-1 3 5-TRIYLTRIS(METHYLENE))TRIS(1-((S)-1-(BENZYLAMINO)-3-METHYL-1-OXOBUTAN-2-YL)-1H-IMIDAZOL-3-IUM) BIS((TRIFLUOROMETHYL)SULFONYL)IMIDE,0.042,0,5,5
3 3 3 -(BENZENE-1 3 5-TRIYLTRIS(METHYLENE))TRIS(1-((S)-1-(BENZYLAMINO)-3-METHYL-1-OXOBUTAN-2-YL)-1H-IMIDAZOL-3-IUM) BROMIDE,0.084,0,7,7
3 3 3 -(BENZENE-1 3 5-TRIYLTRIS(METHYLENE))TRIS(1-((S)-1-(BUTYLAMINO)-3-METHYL-1-OXOBUTAN-2-YL)-1H-IMIDAZOL-3-IUM) BROMIDE,0.09,0,7,7
3 3 3 -(BENZENE-1 3 5-TRIYLTRIS(METHYLENE))TRIS(1-((S)-1-(DODECYLAMINO)-1-OXO-3-PHENYLPROPAN-2-YL)-1H-IMIDAZOL-3-IUM) BROMIDE,0.0014,0,7,7
3 3 3 -(BENZENE-1 3 5-TRIYLTRIS(METHYLENE))TRIS(1-((S)-1-(DODECYLAMINO)-1-OXO-3-PHENYLPROPAN-2-YL)-1H-IMIDAZOL-3-IUM) TRIS(BIS((TRIFLUOROMETHYL)SULFONYL)IMIDE),0.0028,0,7,7
3 3 3 -(BENZENE-1 3 5-TRIYLTRIS(METHYLENE))TRIS(1-((S)-1-(DODECYLAMINO)-3-METHYL-1-OXOBUTAN-2-YL)-1H-IMIDAZOL-3-IUM) BIS((TRIFLUOROMETHYL)SULFONYL)IMIDE,0.0073,0,7,7
3 3 3 -(BENZENE-1 3 5-TRIYLTRIS(METHYLENE))TRIS(1-((S)-1-(DODECYLAMINO)-3-METHYL-1-OXOBUTAN-2-YL)-1H-IMIDAZOL-3-IUM) BROMIDE,0.0053,0,7,7
3-(1-METHYLPYRROLIDIN-2-YL)-1-(2-(OCTYLOXY)-2-OXOETHYL)PYRIDIN-1-IUM BROMIDE,0.1,0,1,1
3-(10-CARBOXYDECYL)-1-METHYL-1H-IMIDAZOL-3-IUM BROMIDE,1.0,0,3,3
3-(10-CARBOXYDECYL)-1-METHYL-1H-IMIDAZOL-3-IUM HEXAFLUOROPHOSPHATE(V),0.35,0,3,3
3-(10-CARBOXYDECYL)-1-METHYL-1H-IMIDAZOL-3-IUM TETRAFLUOROBORATE,0.35,0,3,3
3-(2-((2-HYDROXYBENZOYL)OXY)ETHYL)-1-METHYL-1H-IMIDAZOL-3-IUM 2-HYDROXYBENZOATE,0.71,0,1,1
3-(2-(BENZO D THIAZOL-2-YLAMINO)-2-OXOETHYL)-1 2-DIMETHYL-1H-IMIDAZOL-3-IUM 2 2 2-TRIFLUOROACETATE,0.5,0,4,4
3-(2-(BENZO D THIAZOL-2-YLAMINO)-2-OXOETHYL)-1 2-DIMETHYL-1H-IMIDAZOL-3-IUM BROMIDE,0.5,0,4,4
3-(2-(BENZO D THIAZOL-2-YLAMINO)-2-OXOETHYL)-1 2-DIMETHYL-1H-IMIDAZOL-3-IUM HEXAFLUOROPHOSPHATE(V),0.5,0,4,4
3-(2-(BENZO D THIAZOL-2-YLAMINO)-2-OXOETHYL)-1 2-DIMETHYL-1H-IMIDAZOL-3-IUM TETRAFLUOROBORATE,0.5,0,4,4
3-(2-(BENZO D THIAZOL-2-YLAMINO)-2-OXOETHYL)-1-METHYL-1H-IMIDAZOL-3-IUM 2 2 2-TRIFLUOROACETATE,0.5,0,4,4
3-(2-(BENZO D THIAZOL-2-YLAMINO)-2-OXOETHYL)-1-METHYL-1H-IMIDAZOL-3-IUM BROMIDE,0.5,0,4,4
3-(2-(BENZO D THIAZOL-2-YLAMINO)-2-OXOETHYL)-1-METHYL-1H-IMIDAZOL-3-IUM HEXAFLUOROPHOSPHATE(V),0.5,0,4,4
3-(2-(BENZO D THIAZOL-2-YLAMINO)-2-OXOETHYL)-1-METHYL-1H-IMIDAZOL-3-IUM TETRAFLUOROBORATE,0.5,0,4,4
3-(2-(DECYLOXY)-2-OXOETHYL)-1-METHYL-1H-IMIDAZOL-3-IUM CHLORIDE,0.06793,0,3,3
3-(2-(DODECYLOXY)-2-OXOETHYL)-1-METHYL-1H-IMIDAZOL-3-IUM CHLORIDE,0.00575,0,3,3
3-(2-(GLYCYLOXY)ETHYL)-1-METHYL-1H-IMIDAZOL-3-IUM TETRAFLUOROBORATE,17.9,1,1,1
3-(2-ETHOXYETHYL)-1-METHYL-1H-IMIDAZOL-3-IUM 2-HYDROXYBENZOATE,0.05731,0,6,6
3-(2-ETHOXYETHYL)-1-METHYL-1H-IMIDAZOL-3-IUM BROMIDE,13.8,1,1,1
3-(2-HYDROXYETHYL)-1-METHYL-1H-IMIDAZOL-3-IUM (1S 2R 4AS 6AS 6BR 8AR 10S 12AR 12BR 14BS)-10-HYDROXY-1 2 6A 6B 9 9 12A-HEPTAMETHYL-1 3 4 5 6 6A 6B 7 8 8A 9 10 11 12 12A 12B 13 14B-OCTADECAHYDROPICENE-4A(2H)-CARBOXYLATE,0.00914,0,1,1
3-(2-HYDROXYETHYL)-1-METHYL-1H-IMIDAZOL-3-IUM (2S 5R 6R)-6-((R)-2-AMINO-2-PHENYLACETAMIDO)-3 3-DIMETHYL-7-OXO-4-THIA-1-AZABICYCLO 3 2 0 HEPTANE-2-CARBOXYLATE,0.000146,0,7,7
3-(2-HYDROXYETHYL)-1-METHYL-1H-IMIDAZOL-3-IUM (4-AMINO-1-HYDROXYBUTANE-1 1-DIYL)BIS(HYDROGEN PHOSPHONATE),0.000165,0,6,6
3-(2-HYDROXYETHYL)-1-METHYL-1H-IMIDAZOL-3-IUM (4AS 6AS 6BR 8AR 10S 12AR 12BR 14BS)-10-HYDROXY-2 2 6A 6B 9 9 12A-HEPTAMETHYL-1 3 4 5 6 6A 6B 7 8 8A 9 10 11 12 12A 12B 13 14B-OCTADECAHYDROPICENE-4A(2H)-CARBOXYLATE,0.03981,0,1,1
3-(2-HYDROXYETHYL)-1-METHYL-1H-IMIDAZOL-3-IUM CINNAMATE,17.86,1,1,1
3-(2-HYDROXYETHYL)-1-METHYL-1H-IMIDAZOL-3-IUM HYDROGEN (4-AMINO-1-HYDROXY-1-PHOSPHONOBUTYL)PHOSPHONATE,0.00592,0,8,8
3-(2-HYDROXYETHYL)-1-METHYL-1H-IMIDAZOL-3-IUM IODIDE,20.0,1,1,1
3-(2-HYDROXYETHYL)-1-METHYL-1H-IMIDAZOL-3-IUM TETRAFLUOROBORATE,25.45,1,8,8
3-(2-METHOXYETHYL)-1-METHYL-1H-IMIDAZOL-3-IUM CHLORIDE,20.0,1,1,1
3-(3-(9H-CARBAZOL-9-YL)PROPYL)-1-(2-(4-BROMOPHENYL)-2-OXOETHYL)-1H-IMIDAZOL-3-IUM BROMIDE,0.00338,0,5,5
3-(3-(9H-CARBAZOL-9-YL)PROPYL)-1-(2-(4-METHOXYPHENYL)-2-OXOETHYL)-1H-BENZO D IMIDAZOL-3-IUM BROMIDE,0.00228,0,5,5
3-(3-(9H-CARBAZOL-9-YL)PROPYL)-1-(2-(4-METHOXYPHENYL)-2-OXOETHYL)-1H-IMIDAZOL-3-IUM BROMIDE,0.00244,0,5,5
3-(3-(9H-CARBAZOL-9-YL)PROPYL)-1-(2-(4-METHOXYPHENYL)-2-OXOETHYL)-5 6-DIMETHYL-1H-BENZO D IMIDAZOL-3-IUM BROMIDE,0.00199,0,5,5
3-(3-(9H-CARBAZOL-9-YL)PROPYL)-1-(2-(NAPHTHALEN-2-YL)-2-OXOETHYL)-1H-BENZO D IMIDAZOL-3-IUM BROMIDE,0.00269,0,5,5
3-(3-(9H-CARBAZOL-9-YL)PROPYL)-1-(2-(NAPHTHALEN-2-YL)-2-OXOETHYL)-1H-IMIDAZOL-3-IUM BROMIDE,0.00279,0,5,5
3-(3-(9H-CARBAZOL-9-YL)PROPYL)-1-(2-BROMOBENZYL)-1H-BENZO D IMIDAZOL-3-IUM BROMIDE,0.00194,0,5,5
3-(3-(9H-CARBAZOL-9-YL)PROPYL)-1-(2-OXO-2-PHENYLETHYL)-1H-BENZO D IMIDAZOL-3-IUM BROMIDE,0.0032,0,5,5
3-(3-(9H-CARBAZOL-9-YL)PROPYL)-1-(2-OXO-2-PHENYLETHYL)-1H-IMIDAZOL-3-IUM BROMIDE,0.00623,0,5,5
3-(3-(9H-CARBAZOL-9-YL)PROPYL)-1-(4-BROMOBENZYL)-1H-BENZO D IMIDAZOL-3-IUM BROMIDE,0.00295,0,5,5
3-(3-(9H-CARBAZOL-9-YL)PROPYL)-1-(4-BROMOBENZYL)-1H-IMIDAZOL-3-IUM BROMIDE,0.00309,0,5,5
3-(3-(9H-CARBAZOL-9-YL)PROPYL)-1-(4-METHYLBENZYL)-1H-BENZO D IMIDAZOL-3-IUM BROMIDE,0.00117,0,5,5
3-(3-(9H-CARBAZOL-9-YL)PROPYL)-1-(4-METHYLBENZYL)-1H-IMIDAZOL-3-IUM BROMIDE,0.00215,0,5,5
3-(3-(9H-CARBAZOL-9-YL)PROPYL)-5 6-DIMETHYL-1-(2-(NAPHTHALEN-2-YL)-2-OXOETHYL)-1H-BENZO D IMIDAZOL-3-IUM BROMIDE,0.00174,0,5,5
3-(3-(9H-CARBAZOL-9-YL)PROPYL)-5 6-DIMETHYL-1-(4-METHYLBENZYL)-1H-BENZO D IMIDAZOL-3-IUM BROMIDE,0.00489,0,5,5
3-(3-HYDROXYPROPYL)-1-METHYL-1H-IMIDAZOL-3-IUM 2-HYDROXYBENZOATE,0.1,0,6,6
3-(3-HYDROXYPROPYL)-1-METHYL-1H-IMIDAZOL-3-IUM CHLORIDE,20.0,1,1,1
3-(3-METHOXYPROPYL)-1-METHYL-1H-IMIDAZOL-3-IUM CHLORIDE,20.0,1,1,1
3-(4-(9H-CARBAZOL-9-YL)BUTYL)-1-(2-(4-BROMOPHENYL)-2-OXOETHYL)-1H-BENZO D IMIDAZOL-3-IUM BROMIDE,0.0023,0,5,5
3-(4-(9H-CARBAZOL-9-YL)BUTYL)-1-(2-(4-BROMOPHENYL)-2-OXOETHYL)-1H-IMIDAZOL-3-IUM BROMIDE,0.00242,0,5,5
3-(4-(9H-CARBAZOL-9-YL)BUTYL)-1-(2-(4-BROMOPHENYL)-2-OXOETHYL)-5 6-DIMETHYL-1H-BENZO D IMIDAZOL-3-IUM BROMIDE,0.0018,0,5,5
3-(4-(9H-CARBAZOL-9-YL)BUTYL)-1-(2-(4-METHOXYPHENYL)-2-OXOETHYL)-1H-BENZO D IMIDAZOL-3-IUM BROMIDE,0.00056,0,5,5
3-(4-(9H-CARBAZOL-9-YL)BUTYL)-1-(2-(4-METHOXYPHENYL)-2-OXOETHYL)-1H-IMIDAZOL-3-IUM BROMIDE,0.00134,0,5,5
3-(4-(9H-CARBAZOL-9-YL)BUTYL)-1-(2-(4-METHOXYPHENYL)-2-OXOETHYL)-5 6-DIMETHYL-1H-BENZO D IMIDAZOL-3-IUM BROMIDE,0.00178,0,5,5
3-(4-(9H-CARBAZOL-9-YL)BUTYL)-1-(2-(NAPHTHALEN-2-YL)-2-OXOETHYL)-1H-BENZO D IMIDAZOL-3-IUM BROMIDE,0.00237,0,5,5
3-(4-(9H-CARBAZOL-9-YL)BUTYL)-1-(2-BROMOBENZYL)-1H-BENZO D IMIDAZOL-3-IUM BROMIDE,0.00071,0,5,5
3-(4-(9H-CARBAZOL-9-YL)BUTYL)-1-(2-BROMOBENZYL)-1H-IMIDAZOL-3-IUM BROMIDE,0.00049,0,5,5
3-(4-(9H-CARBAZOL-9-YL)BUTYL)-1-(2-BROMOBENZYL)-5 6-DIMETHYL-1H-BENZO D IMIDAZOL-3-IUM BROMIDE,0.00054,0,5,5
3-(4-(9H-CARBAZOL-9-YL)BUTYL)-1-(2-OXO-2-PHENYLETHYL)-1H-BENZO D IMIDAZOL-3-IUM BROMIDE,0.00098,0,5,5
3-(4-(9H-CARBAZOL-9-YL)BUTYL)-1-(2-OXO-2-PHENYLETHYL)-1H-IMIDAZOL-3-IUM BROMIDE,0.00298,0,5,5
3-(4-(9H-CARBAZOL-9-YL)BUTYL)-1-(4-METHYLBENZYL)-1H-BENZO D IMIDAZOL-3-IUM BROMIDE,0.00232,0,5,5
3-(4-(9H-CARBAZOL-9-YL)BUTYL)-1-(4-METHYLBENZYL)-1H-IMIDAZOL-3-IUM BROMIDE,0.00084,0,5,5
3-(4-(9H-CARBAZOL-9-YL)BUTYL)-5 6-DIMETHYL-1-(2-(NAPHTHALEN-2-YL)-2-OXOETHYL)-1H-BENZO D IMIDAZOL-3-IUM BROMIDE,0.00165,0,5,5
3-(4-(9H-CARBAZOL-9-YL)BUTYL)-5 6-DIMETHYL-1-(2-OXO-2-PHENYLETHYL)-1H-BENZO D IMIDAZOL-3-IUM BROMIDE,0.00056,0,5,5
3-(4-(9H-CARBAZOL-9-YL)BUTYL)-5 6-DIMETHYL-1-(4-METHYLBENZYL)-1H-BENZO D IMIDAZOL-3-IUM BROMIDE,0.0007,0,5,5
3-(4-(ETHOXYCARBONYL)PHENYL)-1-HEXYL-1H-IMIDAZOL-3-IUM BROMIDE,0.095,0,1,1
3-(4-(TERT-BUTYL)BENZYL)-4-METHYLTHIAZOL-3-IUM BIS((TRIFLUOROMETHYL)SULFONYL)IMIDE,0.01522,0,2,2
3-(4-(TERT-BUTYL)BENZYL)-4-METHYLTHIAZOL-3-IUM TETRAFLUOROBORATE,0.05107,0,2,2
3-(4-ETHOXYPHENYL)-1-PENTYL-1H-IMIDAZOL-3-IUM BROMIDE,0.036,0,1,1
3-(4-ISOPROPYLBENZYL)-4-METHYLTHIAZOL-3-IUM BIS((TRIFLUOROMETHYL)SULFONYL)IMIDE,0.00737,0,2,2
3-(4-ISOPROPYLBENZYL)-4-METHYLTHIAZOL-3-IUM TETRAFLUOROBORATE,0.03573,0,2,2
3-(5-(9H-CARBAZOL-9-YL)PENTYL)-1-(2-(4-BROMOPHENYL)-2-OXOETHYL)-1H-BENZO D IMIDAZOL-3-IUM BROMIDE,0.00219,0,5,5
3-(5-(9H-CARBAZOL-9-YL)PENTYL)-1-(2-(4-BROMOPHENYL)-2-OXOETHYL)-5 6-DIMETHYL-1H-BENZO D IMIDAZOL-3-IUM BROMIDE,0.0026,0,5,5
3-(5-(9H-CARBAZOL-9-YL)PENTYL)-1-(2-(4-METHOXYPHENYL)-2-OXOETHYL)-1H-BENZO D IMIDAZOL-3-IUM BROMIDE,0.00066,0,5,5
3-(5-(9H-CARBAZOL-9-YL)PENTYL)-1-(2-(4-METHOXYPHENYL)-2-OXOETHYL)-1H-IMIDAZOL-3-IUM BROMIDE,0.00068,0,5,5
3-(5-(9H-CARBAZOL-9-YL)PENTYL)-1-(2-(4-METHOXYPHENYL)-2-OXOETHYL)-5 6-DIMETHYL-1H-BENZO D IMIDAZOL-3-IUM BROMIDE,0.00094,0,5,5
3-(5-(9H-CARBAZOL-9-YL)PENTYL)-1-(2-(NAPHTHALEN-2-YL)-2-OXOETHYL)-1H-BENZO D IMIDAZOL-3-IUM BROMIDE,0.00136,0,5,5
3-(5-(9H-CARBAZOL-9-YL)PENTYL)-1-(2-(NAPHTHALEN-2-YL)-2-OXOETHYL)-1H-IMIDAZOL-3-IUM BROMIDE,0.00087,0,5,5
3-(5-(9H-CARBAZOL-9-YL)PENTYL)-1-(2-BROMOBENZYL)-1H-BENZO D IMIDAZOL-3-IUM BROMIDE,0.00064,0,5,5
3-(5-(9H-CARBAZOL-9-YL)PENTYL)-1-(2-BROMOBENZYL)-5 6-DIMETHYL-1H-BENZO D IMIDAZOL-3-IUM BROMIDE,0.00051,0,5,5
3-(5-(9H-CARBAZOL-9-YL)PENTYL)-1-(2-OXO-2-PHENYLETHYL)-1H-BENZO D IMIDAZOL-3-IUM BROMIDE,0.00267,0,5,5
3-(5-(9H-CARBAZOL-9-YL)PENTYL)-1-(4-METHYLBENZYL)-1H-BENZO D IMIDAZOL-3-IUM BROMIDE,0.00057,0,5,5
3-(5-(9H-CARBAZOL-9-YL)PENTYL)-1-(4-METHYLBENZYL)-1H-IMIDAZOL-3-IUM BROMIDE,0.00055,0,5,5
3-(5-(9H-CARBAZOL-9-YL)PENTYL)-5 6-DIMETHYL-1-(2-(NAPHTHALEN-2-YL)-2-OXOETHYL)-1H-BENZO D IMIDAZOL-3-IUM BROMIDE,0.00076,0,5,5
3-(5-(9H-CARBAZOL-9-YL)PENTYL)-5 6-DIMETHYL-1-(2-OXO-2-PHENYLETHYL)-1H-BENZO D IMIDAZOL-3-IUM BROMIDE,0.00125,0,5,5
3-(5-(9H-CARBAZOL-9-YL)PENTYL)-5 6-DIMETHYL-1-(4-METHYLBENZYL)-1H-BENZO D IMIDAZOL-3-IUM BROMIDE,0.00056,0,5,5
3-(8-HYDROXYOCTYL)-1-METHYL-1H-IMIDAZOL-3-IUM BROMIDE,0.229,0,1,1
3-(8-HYDROXYOCTYL)-1-METHYL-1H-IMIDAZOL-3-IUM CHLORIDE,0.194,0,1,1
3-(CYANOMETHYL)-1-METHYL-1H-IMIDAZOL-3-IUM CHLORIDE,20.0,1,1,1
3-(HEXADECYLOXY)-1-(2-HYDROXYETHYL)PYRIDIN-1-IUM BROMIDE,0.01335,0,1,1
3-(HEXADECYLOXY)-1-(2-HYDROXYETHYL)PYRIDIN-1-IUM CHLORIDE,0.013,0,1,1
3-ACETOXY-2 4-DIMETHYL-5-((TRI-P-TOLYLPHOSPHONIO)METHYL)PYRIDIN-1-IUM CHLORIDE,0.016,0,8,8
3-ALLYL-1-METHYL-1H-IMIDAZOL-3-IUM BIS((TRIFLUOROMETHYL)SULFONYL)IMIDE,0.55,0,2,2
3-ALLYL-1-METHYL-1H-IMIDAZOL-3-IUM BROMIDE,15.0,1,1,1
3-BENZYL-1-ETHYL-1H-BENZO D IMIDAZOL-3-IUM BROMIDE,0.01324,0,4,4
3-BENZYL-1-ETHYL-1H-IMIDAZOL-3-IUM BROMIDE,0.22247,0,4,4
3-BENZYL-1-ETHYL-1H-IMIDAZOL-3-IUM ETHYL SULFATE,10.37,1,2,2
3-BENZYL-1-METHYL-1H-IMIDAZOL-3-IUM BIS((TRIFLUOROMETHYL)SULFONYL)IMIDE,0.31,0,2,2
3-BENZYL-1-METHYL-1H-IMIDAZOL-3-IUM BROMIDE,0.53,0,3,3
3-BENZYL-1-METHYL-1H-IMIDAZOL-3-IUM CHLORIDE,1.0,0,3,3
3-BENZYL-1-METHYL-1H-IMIDAZOL-3-IUM HEXAFLUOROPHOSPHATE(V),1.0,0,1,1
3-BENZYL-1-METHYL-1H-IMIDAZOL-3-IUM METHYL SULFATE,14.13,1,2,2
3-BENZYL-1-METHYL-1H-IMIDAZOL-3-IUM TETRAFLUOROBORATE,0.46,0,4,4
3-BUTYL-1 2-DIMETHYL-1H-IMIDAZOL-3-IUM BIS((TRIFLUOROMETHYL)SULFONYL)IMIDE,0.85,0,4,4
3-BUTYL-1-((METHYLTHIO)METHYL)-1H-IMIDAZOL-3-IUM CHLORIDE,0.5,0,6,6
3-BUTYL-1-(METHOXYMETHYL)-1H-IMIDAZOL-3-IUM CHLORIDE,0.5,0,6,6
3-BUTYL-1-ETHYL-1H-IMIDAZOL-3-IUM TETRAFLUOROBORATE,1.0,0,4,4
3-BUTYL-1-METHYL-1H-IMIDAZOL-3-IUM (T-4)-TETRACARBONYLCOBALTATE,0.28,0,1,1
3-BUTYL-1-METHYL-1H-IMIDAZOL-3-IUM 2-HYDROXYBENZOATE,0.01489,0,9,9
3-BUTYL-1-METHYL-1H-IMIDAZOL-3-IUM 2-HYDROXYPROPANOATE,19.16,1,2,2
3-BUTYL-1-METHYL-1H-IMIDAZOL-3-IUM ACETATE,0.555,0,10,10
3-BUTYL-1-METHYL-1H-IMIDAZOL-3-IUM BIS((TRIFLUOROMETHYL)SULFONYL)IMIDE,0.48,0,16,16
3-BUTYL-1-METHYL-1H-IMIDAZOL-3-IUM BIS(TRIFLUOROMETHYL)IMIDE,0.15,0,1,1
3-BUTYL-1-METHYL-1H-IMIDAZOL-3-IUM BROMIDE,0.0014,0,12,12
3-BUTYL-1-METHYL-1H-IMIDAZOL-3-IUM CHLORIDE,0.2571,0,28,28
3-BUTYL-1-METHYL-1H-IMIDAZOL-3-IUM CINNAMATE,10.32,1,1,1
3-BUTYL-1-METHYL-1H-IMIDAZOL-3-IUM GLYCINATE,16.31,1,2,2
3-BUTYL-1-METHYL-1H-IMIDAZOL-3-IUM HEXAFLUOROPHOSPHATE(V),1.0,0,14,14
3-BUTYL-1-METHYL-1H-IMIDAZOL-3-IUM HEXAFLUOROSTIBATE(V),0.18,0,1,1
3-BUTYL-1-METHYL-1H-IMIDAZOL-3-IUM L-ALANINATE,19.35,1,2,2
3-BUTYL-1-METHYL-1H-IMIDAZOL-3-IUM L-VALINATE,16.86,1,2,2
3-BUTYL-1-METHYL-1H-IMIDAZOL-3-IUM TETRAFLUOROBORATE,0.058,0,34,34
3-BUTYL-1-METHYL-1H-IMIDAZOL-3-IUM TRIFLUOROMETHANESULFONATE,0.274,0,5,5
3-BUTYL-1-METHYL-1H-IMIDAZOL-3-IUM TRIFLUOROTRIS(PERFLUOROETHYL)PHOSPHATE(V),0.1,0,1,1
3-CARBAMOYL-1-HEXYLPYRIDIN-1-IUM 2-HYDROXYBENZOATE,12.19,1,2,2
3-DECYL-1-(3 4-DIHYDROXYBENZOYL)-1H-IMIDAZOL-3-IUM BROMIDE,0.032,0,1,1
3-DECYL-1-ETHYL-1H-IMIDAZOL-3-IUM BROMIDE,0.0034,0,2,2
3-DECYL-1-METHYL-1H-IMIDAZOL-3-IUM BIS((TRIFLUOROMETHYL)SULFONYL)IMIDE,0.1,0,2,2
3-DECYL-1-METHYL-1H-IMIDAZOL-3-IUM BROMIDE,0.0003,0,3,3
3-DECYL-1-METHYL-1H-IMIDAZOL-3-IUM CHLORIDE,0.00071,0,19,19
3-DECYL-1-METHYL-1H-IMIDAZOL-3-IUM DICYANAMIDE,0.0919,0,1,1
3-DECYL-1-METHYL-1H-IMIDAZOL-3-IUM GLYCINATE,0.19,0,1,1
3-DECYL-1-METHYL-1H-IMIDAZOL-3-IUM HEXAFLUOROPHOSPHATE(V),0.031,0,3,3
3-DECYL-1-METHYL-1H-IMIDAZOL-3-IUM TETRAFLUOROBORATE,0.0059,0,6,6
3-DECYL-1-METHYL-1H-IMIDAZOL-3-IUM TRIFLUOROMETHANESULFONATE,0.006,0,4,4
3-DECYL-1-METHYL-2-(THIAZOL-4-YL)-1H-BENZO D IMIDAZOL-3-IUM IODIDE,0.001075,0,4,4
3-DODECYL-1-METHYL-1H-IMIDAZOL-3-IUM 1 1 2 2 3 3 4 4 4-NONAFLUOROBUTANE-1-SULFONATE,0.1633,0,2,2
3-DODECYL-1-METHYL-1H-IMIDAZOL-3-IUM BROMIDE,0.024,0,1,1
3-DODECYL-1-METHYL-1H-IMIDAZOL-3-IUM CHLORIDE,0.00613,0,60,60
3-DODECYL-1-METHYL-1H-IMIDAZOL-3-IUM TETRAFLUOROBORATE,0.00948,0,58,58
3-DODECYL-1-METHYL-2-(THIAZOL-4-YL)-1H-BENZO D IMIDAZOL-3-IUM IODIDE,0.00147,0,4,4
3-DODECYL-4-METHYLTHIAZOL-3-IUM BROMIDE,0.01846,0,2,2
3-DODECYLTHIAZOL-3-IUM BROMIDE,0.0067,0,2,2
3-ETHYL-1-(2-(2-(2-METHOXYETHOXY)ETHOXY)ETHYL)-4-((OCTYLOXY)METHYL)-1H-1 2 3-TRIAZOL-3-IUM METHANESULFONATE,0.0137,0,2,2
3-ETHYL-1-(2-METHOXYETHYL)-4-((OCTYLOXY)METHYL)-1H-1 2 3-TRIAZOL-3-IUM METHANESULFONATE,0.0007,0,2,2
3-ETHYL-1-METHYL-1H-IMIDAZOL-3-IUM (2S 5R 6R)-6-((R)-2-AMINO-2-PHENYLACETAMIDO)-3 3-DIMETHYL-7-OXO-4-THIA-1-AZABICYCLO 3 2 0 HEPTANE-2-CARBOXYLATE,0.000269,0,6,6
3-ETHYL-1-METHYL-1H-IMIDAZOL-3-IUM 1 1 2 2 3 3 4 4 5 5 6 6 7 7 8 8 8-HEPTADECAFLUOROOCTANE-1-SULFONATE,0.07834,0,2,2
3-ETHYL-1-METHYL-1H-IMIDAZOL-3-IUM 2 2 -SPIROBI BENZO D 1 3 2 DIOXABOROL -2-UIDE,0.01,0,2,2
3-ETHYL-1-METHYL-1H-IMIDAZOL-3-IUM 2 3 7 8-TETRAOXO-1 4 6 9-TETRAOXA-5-BORASPIRO 4 4 NONAN-5-UIDE,0.86,0,1,1
3-ETHYL-1-METHYL-1H-IMIDAZOL-3-IUM ACETATE,46.0,1,8,8
3-ETHYL-1-METHYL-1H-IMIDAZOL-3-IUM BIS(PERFLUOROETHYL)PHOSPHINATE,0.68,0,1,1
3-ETHYL-1-METHYL-1H-IMIDAZOL-3-IUM CINNAMATE,12.16,1,1,1
3-ETHYL-1-METHYL-1H-IMIDAZOL-3-IUM DIMETHYL PHOSPHATE,30.5,1,1,1
3-ETHYL-1-METHYL-1H-IMIDAZOL-3-IUM HYDROGEN SULFATE,16.63,1,3,3
3-ETHYL-1-METHYL-1H-IMIDAZOL-3-IUM TRIFLUOROMETHANESULFONATE,0.149,0,4,4
3-ETHYL-1-METHYL-1H-IMIDAZOL-3-IUM TRIFLUOROTRIS(PERFLUOROETHYL)PHOSPHATE(V),0.01,0,2,2
3-HEPTYL-1 2-DIMETHYL-1H-IMIDAZOL-3-IUM BIS((TRIFLUOROMETHYL)SULFONYL)IMIDE,0.1,0,1,1
3-HEPTYL-1-METHYL-1H-IMIDAZOL-3-IUM BIS((TRIFLUOROMETHYL)SULFONYL)IMIDE,0.1,0,2,2
3-HEPTYL-1-METHYL-1H-IMIDAZOL-3-IUM CHLORIDE,0.338,0,2,2
3-HEPTYL-1-METHYL-1H-IMIDAZOL-3-IUM HEXAFLUOROPHOSPHATE(V),0.2,0,3,3
3-HEPTYL-1-METHYL-1H-IMIDAZOL-3-IUM TETRAFLUOROBORATE,0.38,0,2,2
3-HEXADECYL-1-METHYL-1H-IMIDAZOL-3-IUM BIS((TRIFLUOROMETHYL)SULFONYL)IMIDE,0.017,0,1,1
3-HEXADECYL-1-METHYL-1H-IMIDAZOL-3-IUM BROMIDE,0.00627,0,1,1
3-HEXADECYL-1-METHYL-1H-IMIDAZOL-3-IUM CHLORIDE,0.000764,0,71,71
3-HEXADECYL-1-METHYL-1H-IMIDAZOL-3-IUM DIBROMOARGENTATE(I),0.003,0,1,1
3-HEXADECYL-1-METHYL-1H-IMIDAZOL-3-IUM DICHLOROARGENTATE(I),0.001,0,1,1
3-HEXADECYL-1-METHYL-1H-IMIDAZOL-3-IUM TETRABROMOCUPRATE(II),0.001,0,1,1
3-HEXADECYL-1-METHYL-1H-IMIDAZOL-3-IUM TETRACHLOROCUPRATE(II),0.002,0,1,1
3-HEXADECYL-1-METHYL-2-(THIAZOL-4-YL)-1H-BENZO D IMIDAZOL-3-IUM IODIDE,0.00162,0,4,4
3-HEXADECYL-1-METHYL-2-(THIAZOL-4-YL)-1H-BENZO D IMIDAZOL-3-IUM TRIFLUOROMETHANESULFONATE,0.00116,0,4,4
3-HEXYL-1 2-DIMETHYL-1H-IMIDAZOL-3-IUM TETRAFLUOROBORATE,0.079,0,1,1
3-HEXYL-1-METHYL-1H-IMIDAZOL-3-IUM BIS((TRIFLUOROMETHYL)SULFONYL)IMIDE,0.18,0,2,2
3-HEXYL-1-METHYL-1H-IMIDAZOL-3-IUM BROMIDE,0.2553,0,3,3
3-HEXYL-1-METHYL-1H-IMIDAZOL-3-IUM CHLORIDE,0.048,0,21,21
3-HEXYL-1-METHYL-1H-IMIDAZOL-3-IUM HEXAFLUOROPHOSPHATE(V),0.81,0,6,6
3-HEXYL-1-METHYL-1H-IMIDAZOL-3-IUM TETRAFLUOROBORATE,0.34,0,13,13
3-HEXYL-1-METHYL-1H-IMIDAZOL-3-IUM TRIFLUOROMETHANESULFONATE,0.043,0,4,4
3-HEXYL-1-METHYL-1H-IMIDAZOL-3-IUM TRIFLUOROTRIS(PERFLUOROETHYL)PHOSPHATE(V),0.1,0,1,1
3-HEXYL-1-METHYL-1H-IMIDAZOL-3-IUM TRIFLUOROTRIS(PERFLUOROPROPYL)PHOSPHATE(V),0.05,0,1,1
3-HEXYL-1-METHYL-1H-IMIDAZOL-3-IUM TRIS((TRIFLUOROMETHYL)SULFONYL)METHANIDE,0.1,0,1,1
3-HEXYL-1-VINYL-1H-IMIDAZOL-3-IUM BIS((TRIFLUOROMETHYL)SULFONYL)IMIDE,0.209,0,1,1
3-HEXYL-1-VINYL-1H-IMIDAZOL-3-IUM CHLORIDE,0.561,0,1,1
3-HYDROXY-1-((UNDECYLOXY)METHYL)PYRIDIN-1-IUM 3-OXO-3H-BENZO D ISOTHIAZOL-2-IDE 1 1-DIOXIDE,0.03,0,1,1
3-HYDROXY-1-((UNDECYLOXY)METHYL)PYRIDIN-1-IUM 6-METHYL-4-OXO-4H-1 2 3-OXATHIAZIN-3-IDE 2 2-DIOXIDE,0.03,0,1,1
3-HYDROXY-1-((UNDECYLOXY)METHYL)PYRIDIN-1-IUM CHLORIDE,0.04,0,1,1
3-HYDROXY-1-(PROPOXYMETHYL)PYRIDIN-1-IUM CHLORIDE,0.74,0,1,1
3-HYDROXY-2 4-DIMETHYL-5-((TRI-P-TOLYLPHOSPHONIO)METHYL)PYRIDIN-1-IUM CHLORIDE,0.0322,0,1,1
3-HYDROXY-2 4-DIMETHYL-5-((TRIBUTYLPHOSPHONIO)METHYL)PYRIDIN-1-IUM CHLORIDE,24.0,1,1,1
3-HYDROXY-2-((TRI(THIOPHEN-2-YL)PHOSPHONIO)METHYL)PYRIDIN-1-IUM CHLORIDE,0.2,0,1,1
3-HYDROXY-2-((TRI-P-TOLYLPHOSPHONIO)METHYL)PYRIDIN-1-IUM CHLORIDE,0.0011,0,9,9
3-HYDROXY-2-((TRIBUTYLPHOSPHONIO)METHYL)PYRIDIN-1-IUM CHLORIDE,0.0311,0,1,1
3-HYDROXY-2-((TRIPHENYLPHOSPHONIO)METHYL)PYRIDIN-1-IUM CHLORIDE,0.339,0,1,1
3-HYDROXY-2-((TRIS(4-FLUOROPHENYL)PHOSPHONIO)METHYL)PYRIDIN-1-IUM CHLORIDE,0.0534,0,1,1
3-METHYL-1-OCTYLPYRIDIN-1-IUM BROMIDE,0.01,0,1,1
3-NONYL-1-VINYL-1H-IMIDAZOL-3-IUM BIS((TRIFLUOROMETHYL)SULFONYL)IMIDE,0.091,0,1,1
3-NONYL-1-VINYL-1H-IMIDAZOL-3-IUM BROMIDE,0.181,0,1,1
4-((6-CHLORO-2-METHOXYACRIDIN-9-YL)AMINO)-N N-DIETHYLPENTAN-1-AMINIUM (1R 3AS 5AR 5BR 7AR 9S 11AR 11BR 13AR 13BR)-9-HYDROXY-5A 5B 8 8 11A-PENTAMETHYL-1-(PROP-1-EN-2-YL)ICOSAHYDRO-3AH-CYCLOPENTA A CHRYSENE-3A-CARBOXYLATE,0.0041,0,7,7
4-((6-METHOXYQUINOLIN-8-YL)AMINO)PENTAN-1-AMINIUM (1R 3AS 5AR 5BR 7AR 9S 11AR 11BR 13AR 13BR)-9-HYDROXY-5A 5B 8 8 11A-PENTAMETHYL-1-(PROP-1-EN-2-YL)ICOSAHYDRO-3AH-CYCLOPENTA A CHRYSENE-3A-CARBOXYLATE,0.006,0,12,12
4-((7-CHLOROQUINOLIN-4-YL)AMINO)-N N-DIETHYLPENTAN-1-AMINIUM (1R 3AS 5AR 5BR 7AR 9S 11AR 11BR 13AR 13BR)-9-HYDROXY-5A 5B 8 8 11A-PENTAMETHYL-1-(PROP-1-EN-2-YL)ICOSAHYDRO-3AH-CYCLOPENTA A CHRYSENE-3A-CARBOXYLATE,0.0101,0,11,11
4-(2-(DODECYLOXY)-2-OXOETHYL)-4-METHYLMORPHOLIN-4-IUM BROMIDE,0.1,0,1,1
4-(2-(HEXADECYLOXY)-2-OXOETHYL)-4-METHYLMORPHOLIN-4-IUM BROMIDE,0.1,0,1,1
4-(2-ETHOXYETHYL)-4-METHYLMORPHOLIN-4-IUM BROMIDE,20.0,1,1,1
4-(2-HYDROXYETHYL)-4-METHYLMORPHOLIN-4-IUM IODIDE,20.0,1,1,1
4-(2-METHOXYETHYL)-4-METHYLMORPHOLIN-4-IUM CHLORIDE,20.0,1,1,1
4-(3-HYDROXYPROPYL)-4-METHYLMORPHOLIN-4-IUM CHLORIDE,20.0,1,1,1
4-(3-METHOXYPROPYL)-4-METHYLMORPHOLIN-4-IUM CHLORIDE,20.0,1,1,1
4-(CYANOMETHYL)-4-METHYLMORPHOLIN-4-IUM CHLORIDE,20.0,1,1,1
4-(DIMETHYLAMINO)-1-ETHYLPYRIDIN-1-IUM BIS((TRIFLUOROMETHYL)SULFONYL)IMIDE,0.7,0,1,1
4-(DIMETHYLAMINO)-1-ETHYLPYRIDIN-1-IUM BROMIDE,0.79,0,1,1
4-(DIMETHYLAMINO)-1-HEPTYLPYRIDIN-1-IUM BROMIDE,0.00365,0,2,2
4-(DIMETHYLAMINO)-1-HEXYLPYRIDIN-1-IUM BIS((TRIFLUOROMETHYL)SULFONYL)IMIDE,0.009,0,1,1
4-(DIMETHYLAMINO)-1-HEXYLPYRIDIN-1-IUM BROMIDE,0.00608,0,2,2
4-(DIMETHYLAMINO)-1-HEXYLPYRIDIN-1-IUM CHLORIDE,0.009,0,1,1
4-(DIMETHYLAMINO)-1-PENTYLPYRIDIN-1-IUM BROMIDE,0.02438,0,2,2
4-BENZYL-4-METHYLMORPHOLIN-4-IUM (E)-BUT-2-ENOATE,14.13,1,1,1
4-BENZYL-4-METHYLMORPHOLIN-4-IUM 2-ETHYLBUTANOATE,13.49,1,1,1
4-BENZYL-4-METHYLMORPHOLIN-4-IUM 2-HYDROXYBENZOATE,0.79,0,1,1
4-BENZYL-4-METHYLMORPHOLIN-4-IUM 2-HYDROXYPROPANOATE,10.0,1,1,1
4-BENZYL-4-METHYLMORPHOLIN-4-IUM ACETATE,12.59,1,1,1
4-BENZYL-4-METHYLMORPHOLIN-4-IUM CHLORIDE,10.72,1,1,1
4-BENZYL-4-METHYLMORPHOLIN-4-IUM DODECYL SULFATE,0.25,0,1,1
4-BENZYL-4-METHYLMORPHOLIN-4-IUM FORMATE,12.59,1,1,1
4-BENZYL-4-METHYLMORPHOLIN-4-IUM NITRATE,10.0,1,1,1
4-BENZYL-4-METHYLMORPHOLIN-4-IUM TETRAFLUOROBORATE,0.41,0,1,1
4-BUTYL-4-METHYLMORPHOLIN-4-IUM BROMIDE,20.0,1,1,1
4-METHYL-1-OCTYLPYRIDIN-1-IUM 1 1 2 2 3 3 4 4 4-NONAFLUOROBUTANE-1-SULFONATE,0.039,0,1,1
4-METHYL-1-OCTYLPYRIDIN-1-IUM BIS((TRIFLUOROMETHYL)SULFONYL)IMIDE,0.033,0,1,1
4-METHYL-1-OCTYLPYRIDIN-1-IUM BROMIDE,0.024,0,1,1
4-METHYL-1-OCTYLPYRIDIN-1-IUM CHLORIDE,0.043,0,1,1
4-METHYL-1-OCTYLPYRIDIN-1-IUM TETRAFLUOROBORATE,0.031,0,1,1
4-METHYL-3-(4-METHYLBENZYL)THIAZOL-3-IUM BIS((TRIFLUOROMETHYL)SULFONYL)IMIDE,0.02131,0,2,2
4-METHYL-3-(4-METHYLBENZYL)THIAZOL-3-IUM TETRAFLUOROBORATE,0.07795,0,2,2
4-METHYL-4-(2-(OCTYLOXY)-2-OXOETHYL)MORPHOLIN-4-IUM BROMIDE,0.1,0,1,1
4-PHENYLPIPERAZIN-1-IUM 2-HYDROXYPROPANOATE,0.594,0,4,4
4-PHENYLPIPERAZIN-1-IUM TETRAFLUOROBORATE,0.48,0,4,4
5A CHLORIDE,0.00695,0,2,2
5B TETRAFLUOROBORATE,0.00283,0,2,2
6-(BENZO D 1 3 DIOXOL-5-YLMETHYL)-5-(4 5-DIMETHOXY-3-OXO-1 3-DIHYDROISOBENZOFURAN-1-YL)-4-METHOXY-6-METHYL-5 6 7 8-TETRAHYDRO- 1 3 DIOXOLO 4 5-G ISOQUINOLIN-6-IUM ACETATE,0.0235,0,1,1
6-(BENZO D 1 3 DIOXOL-5-YLMETHYL)-5-(4 5-DIMETHOXY-3-OXO-1 3-DIHYDROISOBENZOFURAN-1-YL)-4-METHOXY-6-METHYL-5 6 7 8-TETRAHYDRO- 1 3 DIOXOLO 4 5-G ISOQUINOLIN-6-IUM TRIFLUOROMETHANESULFONATE,0.0172,0,1,1
6-HYDROXY-1-TETRADECYLQUINOLIN-1-IUM BROMIDE,0.032,0,1,1
6A CHLORIDE,0.00581,0,2,2
6B TETRAFLUOROBORATE,0.00198,0,2,2
7-(4-FLUOROBENZYL)-11-METHYL-2 2 4 4-TETRA(PIPERIDIN-1-YL)-1 3 5 7 11-PENTAAZA-2L5 4L5 6L5-TRIPHOSPHASPIRO 5 5 UNDECA-1(6) 2 4-TRIEN-1-IUM 2 5-DIHYDROXYBENZOATE,0.1041,0,3,3
7-(4-FLUOROBENZYL)-11-METHYL-2 2 4 4-TETRA(PIPERIDIN-1-YL)-1 3 5 7 11-PENTAAZA-2L5 4L5 6L5-TRIPHOSPHASPIRO 5 5 UNDECA-1(6) 2 4-TRIEN-1-IUM 2 6-DIHYDROXYBENZOATE,0.02304,0,3,3
7-(4-FLUOROBENZYL)-11-METHYL-2 2 4 4-TETRA(PYRROLIDIN-1-YL)-1 3 5 7 11-PENTAAZA-2L5 4L5 6L5-TRIPHOSPHASPIRO 5 5 UNDECA-1(6) 2 4-TRIEN-1-IUM 2 5-DIHYDROXYBENZOATE,0.06657,0,3,3
7-(4-FLUOROBENZYL)-11-METHYL-2 2 4 4-TETRA(PYRROLIDIN-1-YL)-1 3 5 7 11-PENTAAZA-2L5 4L5 6L5-TRIPHOSPHASPIRO 5 5 UNDECA-1(6) 2 4-TRIEN-1-IUM 2 6-DIHYDROXYBENZOATE,0.03849,0,3,3
9-(2-(DODECANOYLOXY)ETHYL)-1 3 7-TRIMETHYL-2 6-DIOXO-2 3 6 7-TETRAHYDRO-1H-PURIN-9-IUM BROMIDE,0.26567,0,1,1
9-(2-(HEXADECANOYLOXY)ETHYL)-1 3 7-TRIMETHYL-2 6-DIOXO-2 3 6 7-TETRAHYDRO-1H-PURIN-9-IUM BROMIDE,0.18421,0,1,1
9-(2-(TETRADECANOYLOXY)ETHYL)-1 3 7-TRIMETHYL-2 6-DIOXO-2 3 6 7-TETRAHYDRO-1H-PURIN-9-IUM BROMIDE,0.23342,0,1,1
BENZYLTRIPHENYLPHOSPHONIUM OCTAISOTHIOCYANATODYSPROSATE(III),0.022,0,5,5
BIS(2-HYDROXYETHYL)AMMONIUM 2-HYDROXYBENZOATE,0.00891,0,2,2
BIS(2-HYDROXYETHYL)AMMONIUM 2-HYDROXYPROPANE-1 2 3-TRICARBOXYLATE,0.01907,0,2,2
BIS(2-HYDROXYETHYL)AMMONIUM 2-HYDROXYPROPANOATE,0.04124,0,2,2
BIS(2-HYDROXYETHYL)AMMONIUM ACETATE,0.02598,0,3,3
BIS(2-HYDROXYETHYL)AMMONIUM ADIPATE,0.02877,0,2,2
BIS(2-HYDROXYETHYL)AMMONIUM BENZOATE,0.02911,0,2,2
BIS(2-HYDROXYETHYL)AMMONIUM FUMARATE,0.03476,0,2,2
BIS(2-HYDROXYETHYL)AMMONIUM OLEATE,0.5,0,1,1
BIS(DIMETHYLAMINO)METHANIMINIUM (1-HYDROXYETHANE-1 1-DIYL)BIS(HYDROGEN PHOSPHONATE),0.00091,0,3,3
BIS(DIMETHYLAMINO)METHANIMINIUM (4-AMINO-1-HYDROXYBUTANE-1 1-DIYL)BIS(HYDROGEN PHOSPHONATE),0.000167,0,8,8
BIS(DIMETHYLAMINO)METHANIMINIUM CHLORIDE,0.00019,0,7,7
BIS(DIMETHYLAMINO)METHANIMINIUM HYDROGEN (4-AMINO-1-HYDROXY-1-PHOSPHONOBUTYL)PHOSPHONATE,0.00254,0,8,8
BROMIDE (TRANS-DI((E)-5-(3-(4-METHYLTHIAZOL-3-IUM-3-YL)PROPOXY)-2-(((4-(TRIFLUOROMETHYL)PHENYL)IMINO)METHYL)PHENOLATE))PALLADIUM(II),0.01143,0,2,2
BUTYLTRIPHENYLPHOSPHONIUM CHLORIDE,0.00114,0,8,8
DIOCTYL((4 5 7-TRIMETHOXY-9 10-DIOXO-9 10-DIHYDROANTHRACEN-2-YL)METHYL)SULFONIUM TETRAFLUOROBORATE,0.01158,0,2,2
E-N-(2-((2-(((5-((DIMETHYLAMINO)METHYL)FURAN-2-YL)METHYL)THIO)ETHYL)AMINO)-2-(METHYLAMINO)VINYL)-N-OXOHYDROXYLAMMONIUM 2-(4-ISOBUTYLPHENYL)PROPANOATE,0.631,0,1,1
ETHANAMINIUM FORMATE,0.4,0,1,1
ETHANAMINIUM NITRATE,0.4,0,1,1
HEXADECYLTRIPHENYLPHOSPHONIUM BROMIDE,0.0053,0,1,1
HEXAFLUOROPHOSPHATE(V) (TRANS-DI((E)-5-(3-(4-METHYLTHIAZOL-3-IUM-3-YL)PROPOXY)-2-(((4-(TRIFLUOROMETHYL)PHENYL)IMINO)METHYL)PHENOLATE))PALLADIUM(II),0.02301,0,2,2
METFORMIN 2-(4-ISOBUTYLPHENYL)PROPANOATE,0.116,0,4,4
METFORMIN CHLORIDE,0.02822,0,3,3
METFORMIN DIHEXYLSULFOSUCCINATE,0.00062,0,1,1
METFORMIN DOCUSATE,1.0,0,1,1
METFORMIN SULFACETAMIDE,0.02489,0,1,1
METHYLTRIPHENYLPHOSPHONIUM CHLORIDE,0.00035,0,8,8
METHYLTRIPHENYLPHOSPHONIUM IODIDE,0.01,0,4,4
N N N-TRIETHYLOCTAN-1-AMINIUM BROMIDE,0.33,0,1,1
N N N-TRIMETHYLBUTAN-1-AMINIUM BIS((TRIFLUOROMETHYL)SULFONYL)IMIDE,0.183,0,5,5
N N N-TRIMETHYLTETRADECAN-1-AMINIUM BROMIDE,0.00578,0,2,2
N N-BIS(2-HYDROXYETHYL)-N-METHYLHEXAN-1-AMINIUM ACETATE,24.2,1,1,1
N N-BIS(2-HYDROXYETHYL)-N-METHYLHEXAN-1-AMINIUM ACETYLALANINATE,26.3,1,1,1
N N-DIETHYL-N-((METHYLTHIO)METHYL)ETHANAMINIUM CHLORIDE,0.5,0,6,6
N N-DIMETHYL-N-(2-((2R 3S 4R 5R)-2 3 4 5 6-PENTAHYDROXYHEXANAMIDO)ETHYL)DODECAN-1-AMINIUM BROMIDE,0.1,0,3,3
N N-DIMETHYL-N-(2-((2R 3S 4R 5R)-2 3 4 5 6-PENTAHYDROXYHEXANAMIDO)ETHYL)OCTAN-1-AMINIUM BROMIDE,0.095,0,3,3
N-((5-(HYDROXYMETHYL)FURAN-2-YL)METHYL)BUTAN-1-AMINIUM CHLORIDE,22.4,1,1,1
N-((7-(DECYLOXY)-4 5-DIMETHOXY-9 10-DIOXO-9 10-DIHYDROANTHRACEN-2-YL)METHYL)-N N-DIMETHYLTETRADECAN-1-AMINIUM BROMIDE,0.02174,0,4,4
N-((7-(DECYLOXY)-4 5-DIMETHOXY-9 10-DIOXO-9 10-DIHYDROANTHRACEN-2-YL)METHYL)-N-METHYL-N-NONYLNONAN-1-AMINIUM BROMIDE,0.00525,0,4,4
N-((7-ETHOXY-4 5-DIHYDROXY-9 10-DIOXO-9 10-DIHYDROANTHRACEN-2-YL)METHYL)-N-METHYL-N-NONYLNONAN-1-AMINIUM BROMIDE,0.00362,0,4,4
N-((7-ETHOXY-4 5-DIHYDROXY-9 10-DIOXO-9 10-DIHYDROANTHRACEN-2-YL)METHYL)-N-METHYL-N-OCTYLNONAN-1-AMINIUM BROMIDE,0.00175,0,4,4
N-((7-ETHOXY-4 5-DIHYDROXY-9 10-DIOXO-9 10-DIHYDROANTHRACEN-2-YL)METHYL)-N-METHYL-N-OCTYLOCTAN-1-AMINIUM BROMIDE,0.00298,0,4,4
N-((BUTYL(ETHYL)AMINO)(DIBUTYLAMINO)METHYLENE)-N-METHYLMETHANAMINIUM TETRAFLUOROBORATE,11.35,1,1,1
N-((DIDODECYLAMINO)(DIMETHYLAMINO)METHYLENE)-N-METHYLMETHANAMINIUM IODIDE,0.955,0,1,1
N-((DIHEPTYLAMINO)(DIMETHYLAMINO)METHYLENE)-N-METHYLMETHANAMINIUM IODIDE,0.75,0,1,1
N-((DIHEXYLAMINO)(DIMETHYLAMINO)METHYLENE)-N-HEXYLHEXAN-1-AMINIUM CHLORIDE,0.75,0,1,1
N-((DIHEXYLAMINO)(DIMETHYLAMINO)METHYLENE)-N-HEXYLHEXAN-1-AMINIUM TETRACHLOROFERRATE(III),0.75,0,1,1
N-(2-HYDROXYETHYL)-N N-DIMETHYL-4-(DODECANOYLOXY)BUTAN-1-AMINIUM CHLORIDE,0.36,0,1,1
N-(2-HYDROXYETHYL)-N N-DIMETHYL-4-(PALMITOYLOXY)BUTAN-1-AMINIUM CHLORIDE,0.17,0,1,1
N-(2-HYDROXYETHYL)-N N-DIMETHYL-4-(STEAROYLOXY)BUTAN-1-AMINIUM CHLORIDE,0.08,0,1,1
N-(2-HYDROXYETHYL)-N N-DIMETHYL-4-(TETRADECANOYLOXY)BUTAN-1-AMINIUM CHLORIDE,0.24,0,1,1
N-(2-HYDROXYETHYL)-N N-DIMETHYL-4-(TRIDECANOYLOXY)BUTAN-1-AMINIUM CHLORIDE,0.34,0,1,1
N-(2-HYDROXYETHYL)-N N-DIMETHYL-4-(UNDECANOYLOXY)BUTAN-1-AMINIUM CHLORIDE,0.55,0,1,1
N-(2-HYDROXYETHYL)-N N-DIMETHYLBUTAN-1-AMINIUM BUTANE-1-SULFONATE,19.7,1,1,1
N-(2-HYDROXYETHYL)-N N-DIMETHYLBUTAN-1-AMINIUM ETHANESULFONATE,39.3,1,1,1
N-(2-HYDROXYETHYL)-N N-DIMETHYLBUTAN-1-AMINIUM METHANESULFONATE,29.5,1,1,1
N-(2-HYDROXYETHYL)-N N-DIMETHYLHEXADECAN-1-AMINIUM BROMIDE,0.02788481,0,1,1
N-(2-HYDROXYETHYL)-N N-DIMETHYLHEXAN-1-AMINIUM BROMIDE,10.7,1,1,1
N-(2-HYDROXYETHYL)-N N-DIMETHYLOCTAN-1-AMINIUM BIS((TRIFLUOROMETHYL)SULFONYL)IMIDE,0.34,0,2,2
N-(2-HYDROXYETHYL)-N N-DIMETHYLOCTAN-1-AMINIUM BROMIDE,0.2,0,4,4
N-(2-HYDROXYETHYL)-N N-DIMETHYLPENTAN-1-AMINIUM 4-((1-CARBOXYLATOETHYL)AMINO)-4-OXOBUTANOATE,10.7,1,1,1
N-(2-HYDROXYETHYL)-N N-DIMETHYLPENTAN-1-AMINIUM BUTANE-1-SULFONATE,22.4,1,1,1
N-(2-HYDROXYETHYL)-N N-DIMETHYLTETRADECAN-1-AMINIUM BROMIDE,0.092787163,0,1,1
N-(BIS(DIMETHYLAMINO)METHYLENE)-N-ETHYLETHANAMINIUM ETHYL SULFATE,10.86,1,4,4
N-(BIS(DIMETHYLAMINO)METHYLENE)ETHANAMINIUM ETHYL SULFATE,22.312,1,4,4
N-(BIS(HEXYL(METHYL)AMINO)METHYLENE)-N-METHYLMETHANAMINIUM TETRAFLUOROBORATE,0.404,0,1,1
N-(CYANOMETHYL)-N N-DIMETHYLETHANAMINIUM CHLORIDE,20.0,1,1,1
N-BENZYL-2-HYDROXY-N N-DIMETHYLETHAN-1-AMINIUM BIS((TRIFLUOROMETHYL)SULFONYL)IMIDE,0.57,0,1,1
N-BENZYL-N N-DIMETHYL-1-(METHYLTHIO)METHANAMINIUM CHLORIDE,0.5,0,6,6
N-BENZYL-N N-DIMETHYLDECAN-1-AMINIUM CHLORIDE,0.0045,0,1,1
N-BENZYL-N N-DIMETHYLDODECAN-1-AMINIUM (1R 3AS 5AR 5BR 7AR 9S 11AR 11BR 13AR 13BR)-9-HYDROXY-5A 5B 8 8 11A-PENTAMETHYL-1-(PROP-1-EN-2-YL)ICOSAHYDRO-3AH-CYCLOPENTA A CHRYSENE-3A-CARBOXYLATE,0.0288,0,8,8
N-BENZYL-N N-DIMETHYLDODECAN-1-AMINIUM CHLORIDE,0.0019,0,1,1
N-BENZYL-N N-DIMETHYLHEXADECAN-1-AMINIUM BROMIDE,0.015,0,1,1
N-BENZYL-N N-DIMETHYLTETRADECAN-1-AMINIUM 2-(6-METHOXYNAPHTHALEN-2-YL)PROPANOATE,0.111,0,1,1
N-BENZYL-N N-DIMETHYLTETRADECAN-1-AMINIUM 2-HYDROXYBENZOATE,0.02,0,2,2
N-BENZYL-N N-DIMETHYLTETRADECAN-1-AMINIUM BROMIDE,0.024,0,1,1
N-BENZYL-N N-DIMETHYLTETRADECAN-1-AMINIUM CHLORIDE,0.00038,0,7,7
N-DECYL-N N-DIMETHYLDECAN-1-AMINIUM 2-(4-ISOBUTYLPHENYL)PROPANOATE,0.005,0,1,1
N-DECYL-N N-DIMETHYLDECAN-1-AMINIUM 3-OXO-3H-BENZO D ISOTHIAZOL-2-IDE 1 1-DIOXIDE,0.00091,0,6,6
N-DECYL-N N-DIMETHYLDECAN-1-AMINIUM BROMIDE,0.006,0,1,1
N-DECYL-N-((7-(DECYLOXY)-4 5-DIMETHOXY-9 10-DIOXO-9 10-DIHYDROANTHRACEN-2-YL)METHYL)-N-METHYLDECAN-1-AMINIUM BROMIDE,0.01343,0,4,4
N-DECYL-N-((7-ETHOXY-4 5-DIHYDROXY-9 10-DIOXO-9 10-DIHYDROANTHRACEN-2-YL)METHYL)-N-METHYLDECAN-1-AMINIUM BROMIDE,0.00358,0,4,4
N-DODECYL-N-((7-ETHOXY-4 5-DIHYDROXY-9 10-DIOXO-9 10-DIHYDROANTHRACEN-2-YL)METHYL)-N-METHYLDODECAN-1-AMINIUM BROMIDE,0.02066,0,4,4
N-ETHYL-2-HYDROXY-N N-DIMETHYLETHAN-1-AMINIUM 4-((1-CARBOXYLATOETHYL)AMINO)-4-OXOBUTANOATE,500.0,1,1,1
N-ETHYL-2-HYDROXY-N N-DIMETHYLETHAN-1-AMINIUM BROMIDE,31.25,1,3,3
N-ETHYL-2-HYDROXY-N N-DIMETHYLETHAN-1-AMINIUM IODIDE,20.0,1,1,1
N-ETHYL-2-METHOXY-N N-DIMETHYLETHAN-1-AMINIUM CHLORIDE,20.0,1,1,1
N-ETHYL-3-METHOXY-N N-DIMETHYLPROPAN-1-AMINIUM CHLORIDE,20.0,1,1,1
N-ETHYL-N N-DIMETHYLBUTAN-1-AMINIUM CHLORIDE,20.0,1,1,1
N-ETHYL-N-((5-(HYDROXYMETHYL)FURAN-2-YL)METHYL)ETHANAMINIUM CHLORIDE,12.04,1,1,1
N-ETHYL-N-((5-(HYDROXYMETHYL)FURAN-2-YL)METHYL)ETHANAMINIUM DIHYDROGEN PHOSPHATE,11.48,1,1,1
N-METHYL-N N-DIOCTYLOCTAN-1-AMINIUM 2 2 2-TRIFLUOROACETATE,0.75,0,1,1
N-METHYL-N N-DIOCTYLOCTAN-1-AMINIUM BIS((TRIFLUOROMETHYL)SULFONYL)IMIDE,0.000677,0,61,61
N-METHYL-N N-DIOCTYLOCTAN-1-AMINIUM CHLORIDE,0.75,0,1,1
N-METHYL-N N-DIOCTYLOCTAN-1-AMINIUM TETRACHLOROFERRATE(III),0.75,0,1,1
N-METHYL-N N-DIOCTYLOCTAN-1-AMINIUM TRIFLUOROMETHANESULFONATE,0.75,0,1,1
N1 N1 N10 N10-TETRAKIS(2-HYDROXYETHYL)-N1 N10-DIMETHYLDECANE-1 10-DIAMINIUM ACETATE,124.6,1,1,1
N1 N1 N4 N4-TETRAKIS(2-HYDROXYETHYL)-N1 N4-DIMETHYLBUTANE-1 4-DIAMINIUM ACETATE,238.4,1,1,1
N1 N1 N6 N6-TETRAKIS(2-HYDROXYETHYL)-N1 N6-DIMETHYLHEXANE-1 6-DIAMINIUM ACETATE,138.5,1,1,1
N1 N1 N6 N6-TETRAKIS(2-HYDROXYETHYL)-N1 N6-DIMETHYLHEXANE-1 6-DIAMINIUM ACETYLALANINATE,119.8,1,1,1
N1 N1 N6 N6-TETRAKIS(2-HYDROXYETHYL)-N1 N6-DIMETHYLHEXANE-1 6-DIAMINIUM ACETYLGLYCINATE,146.4,1,1,1
N1 N1 N6 N6-TETRAKIS(2-HYDROXYETHYL)-N1 N6-DIMETHYLHEXANE-1 6-DIAMINIUM ACETYLPHENYLALANINATE,32.4,1,1,1
N1 N1 N6 N6-TETRAKIS(2-HYDROXYETHYL)-N1 N6-DIMETHYLHEXANE-1 6-DIAMINIUM BROMIDE,126.6,1,1,1
N1 N4-BIS(2-HYDROXYETHYL)-N1 N1 N4 N4-TETRAMETHYLBUTANE-1 4-DIAMINIUM BROMIDE,98.4,1,1,1
N1 N6-BIS(2-HYDROXYETHYL)-N1 N1 N6 N6-TETRAMETHYLHEXANE-1 6-DIAMINIUM BROMIDE,40.8,1,1,1
N1 N6-DIDODECYL-N1 N1 N6 N6-TETRAMETHYLHEXANE-1 6-DIAMINIUM BROMIDE,0.0125,0,1,1
N1 N8-BIS(2-HYDROXYETHYL)-N1 N1 N8 N8-TETRAMETHYLOCTANE-1 8-DIAMINIUM BROMIDE,59.2,1,1,1
N4-(7-CHLOROQUINOLIN-4-YL)-N1-ETHYL-N1-(2-HYDROXYETHYL)PENTANE-1 4-DIAMINIUM (2R 3S 4R 5R)-2 3 4 5 6-PENTAHYDROXYHEXANOATE,0.196,0,1,1
N4-(7-CHLOROQUINOLIN-4-YL)-N1-ETHYL-N1-(2-HYDROXYETHYL)PENTANE-1 4-DIAMINIUM (7 7-DIMETHYL-2-OXOBICYCLO 2 2 1 HEPTAN-1-YL)METHANESULFONATE,0.0732,0,1,1
N4-(7-CHLOROQUINOLIN-4-YL)-N1-ETHYL-N1-(2-HYDROXYETHYL)PENTANE-1 4-DIAMINIUM 1-((2-ETHYLHEXYL)OXY)-4-(HEPTAN-3-YLOXY)-1 4-DIOXOBUTANE-2-SULFONATE,0.0698,0,1,1
N4-(7-CHLOROQUINOLIN-4-YL)-N1-ETHYL-N1-(2-HYDROXYETHYL)PENTANE-1 4-DIAMINIUM 4-METHYLBENZENESULFONATE,0.2067,0,1,1
N4-(7-CHLOROQUINOLIN-4-YL)-N1-ETHYL-N1-(2-HYDROXYETHYL)PENTANE-1 4-DIAMINIUM DODECYL SULFATE,0.2093,0,1,1
N4-(7-CHLOROQUINOLIN-4-YL)-N1-ETHYL-N1-(2-HYDROXYETHYL)PENTANE-1 4-DIAMINIUM HEXANE-1-SULFONATE,0.2143,0,1,1
N4-(7-CHLOROQUINOLIN-4-YL)-N1-ETHYL-N1-(2-HYDROXYETHYL)PENTANE-1 4-DIAMINIUM METHANESULFONATE,0.2187,0,1,1
N4-(7-CHLOROQUINOLIN-4-YL)-N1-ETHYL-N1-(2-HYDROXYETHYL)PENTANE-1 4-DIAMINIUM SULFATE,0.2144,0,1,1
PENTYLTRIPHENYLPHOSPHONIUM IODIDE,0.006,0,4,4
POTASSIUM N N N-TRIBUTYLAMMONIO-UNDECAHYDRO-CLOSO-DODECABORATE,0.31,0,1,1
POTASSIUM N N N-TRIHEXYLAMMONIO-UNDECAHYDRO-CLOSO-DODECABORATE,0.19,0,1,1
POTASSIUM N N N-TRIISOPENTYLAMMONIO-UNDECAHYDRO-CLOSO-DODECABORATE,0.25,0,1,1
POTASSIUM N N N-TRIPROPYLAMMONIO-UNDECAHYDRO-CLOSO-DODECABORATE,0.48,0,1,1
POTASSIUM N N-DIETHYL-N-BENZYLAMMONIO-UNDECAHYDRO-CLOSO-DODECABORATE,0.72,0,1,1
TETRABUTYLAMMONIUM BROMIDE,0.178,0,1,1
TETRABUTYLPHOSPHONIUM (4-(((2 4-DIAMINOPTERIDIN-6-YL)METHYL)(METHYL)AMINO)BENZOYL)-L-GLUTAMATE,0.0458,0,1,1
TETRABUTYLPHOSPHONIUM 2-(4-ISOBUTYLPHENYL)PROPANOATE,0.871,0,1,1
TETRABUTYLPHOSPHONIUM BROMIDE,0.046,0,3,3
TETRABUTYLPHOSPHONIUM CHLORIDE,0.248,0,3,3
TETRABUTYLPHOSPHONIUM GLYCINATE,0.875,0,1,1
TETRABUTYLPHOSPHONIUM HYDROXIDE,0.638,0,1,1
TETRABUTYLPHOSPHONIUM LEUCINATE,0.725,0,1,1
TETRABUTYLPHOSPHONIUM PROLINATE,0.575,0,1,1
TETRABUTYLPHOSPHONIUM TRIFLUOROTRIS(PERFLUOROETHYL)PHOSPHATE(V),0.00916,0,60,60
TETRABUTYLPHOSPHONIUM VALINATE,0.775,0,1,1
TETRAETHYLAMMONIUM (1S 2R 4AS 6AS 6BR 8AR 10S 12AR 12BR 14BS)-10-HYDROXY-1 2 6A 6B 9 9 12A-HEPTAMETHYL-1 3 4 5 6 6A 6B 7 8 8A 9 10 11 12 12A 12B 13 14B-OCTADECAHYDROPICENE-4A(2H)-CARBOXYLATE,0.01311,0,1,1
TETRAETHYLAMMONIUM (2S 5R 6R)-6-((R)-2-AMINO-2-PHENYLACETAMIDO)-3 3-DIMETHYL-7-OXO-4-THIA-1-AZABICYCLO 3 2 0 HEPTANE-2-CARBOXYLATE,3e-05,0,4,4
TETRAETHYLAMMONIUM (4AS 6AS 6BR 8AR 10S 12AR 12BR 14BS)-10-HYDROXY-2 2 6A 6B 9 9 12A-HEPTAMETHYL-1 3 4 5 6 6A 6B 7 8 8A 9 10 11 12 12A 12B 13 14B-OCTADECAHYDROPICENE-4A(2H)-CARBOXYLATE,0.0336,0,1,1
TETRAETHYLAMMONIUM BROMIDE,18.14,1,1,1
TETRAETHYLAMMONIUM TETRAFLUOROBORATE,10.21,1,7,7
TETRAFLUOROBORATE (TRANS-DI((E)-5-(3-(4-METHYLTHIAZOL-3-IUM-3-YL)PROPOXY)-2-(((4-(TRIFLUOROMETHYL)PHENYL)IMINO)METHYL)PHENOLATE))PALLADIUM(II),0.00671,0,2,2
TETRAHEXYLAMMONIUM 2-(4-ISOBUTYLPHENYL)PROPANOATE,0.003,0,1,1
TETRAHEXYLAMMONIUM BROMIDE,0.015,0,1,1
TETRAMETHYLAMMONIUM (4-(((2 4-DIAMINOPTERIDIN-6-YL)METHYL)(METHYL)AMINO)BENZOYL)-L-GLUTAMATE,0.074,0,1,1
TETRAMETHYLAMMONIUM BROMIDE,80.753,1,2,2
TETRAPHENYLPHOSPHONIUM BROMIDE,0.00065,0,3,3
TETRAPHENYLPHOSPHONIUM CHLORIDE,0.00056,0,8,8
TETRAPHENYLPHOSPHONIUM OCTAISOTHIOCYANATODYSPROSATE(III),0.083,0,5,5
TRI-TERT-BUTYL(DODECYL)PHOSPHONIUM BROMIDE,0.0513,0,2,2
TRI-TERT-BUTYL(DODECYL)PHOSPHONIUM TETRAFLUOROBORATE,0.0111,0,2,2
TRI-TERT-BUTYL(HEPTADECYL)PHOSPHONIUM BROMIDE,0.014,0,2,2
TRI-TERT-BUTYL(HEPTADECYL)PHOSPHONIUM TETRAFLUOROBORATE,0.0438,0,2,2
TRI-TERT-BUTYL(HEXADECYL)PHOSPHONIUM BROMIDE,0.01,0,2,2
TRI-TERT-BUTYL(HEXADECYL)PHOSPHONIUM TETRAFLUOROBORATE,0.0138,0,2,2
TRI-TERT-BUTYL(ICOSYL)PHOSPHONIUM BROMIDE,0.0144,0,2,2
TRI-TERT-BUTYL(ICOSYL)PHOSPHONIUM TETRAFLUOROBORATE,0.05,0,2,2
TRI-TERT-BUTYL(OCTADECYL)PHOSPHONIUM BROMIDE,0.013,0,2,2
TRI-TERT-BUTYL(OCTADECYL)PHOSPHONIUM TETRAFLUOROBORATE,0.0155,0,2,2
TRI-TERT-BUTYL(PENTADECYL)PHOSPHONIUM BROMIDE,0.0112,0,2,2
TRI-TERT-BUTYL(PENTADECYL)PHOSPHONIUM TETRAFLUOROBORATE,0.0145,0,2,2
TRI-TERT-BUTYL(TETRADECYL)PHOSPHONIUM BROMIDE,0.0106,0,2,2
TRI-TERT-BUTYL(TETRADECYL)PHOSPHONIUM TETRAFLUOROBORATE,0.0327,0,2,2
TRI-TERT-BUTYL(TRIDECYL)PHOSPHONIUM BROMIDE,0.0414,0,2,2
TRI-TERT-BUTYL(TRIDECYL)PHOSPHONIUM TETRAFLUOROBORATE,0.022,0,2,2
TRI-TERT-BUTYL(UNDECYL)PHOSPHONIUM BROMIDE,0.0349,0,2,2
TRI-TERT-BUTYL(UNDECYL)PHOSPHONIUM TETRAFLUOROBORATE,0.0261,0,2,2
TRIBUTYL(HEXADECYL)PHOSPHONIUM BROMIDE,0.000325,0,6,6
TRIBUTYL(METHYL)PHOSPHONIUM ACETATE,10.0,1,1,1
TRIBUTYL(TETRADECYL)PHOSPHONIUM ACETATE,0.0071,0,1,1
TRIBUTYL(TETRADECYL)PHOSPHONIUM BIS((TRIFLUOROMETHYL)SULFONYL)IMIDE,0.11,0,1,1
TRIBUTYL(TETRADECYL)PHOSPHONIUM CHLORIDE,0.002,0,2,2
TRIHEXYL(TETRADECYL)PHOSPHONIUM (1R 3AS 5AR 5BR 7AR 9S 11AR 11BR 13AR 13BR)-9-HYDROXY-5A 5B 8 8 11A-PENTAMETHYL-1-(PROP-1-EN-2-YL)ICOSAHYDRO-3AH-CYCLOPENTA A CHRYSENE-3A-CARBOXYLATE,0.0168,0,11,11
TRIHEXYL(TETRADECYL)PHOSPHONIUM (2S 5R 6R)-6-((R)-2-AMINO-2-PHENYLACETAMIDO)-3 3-DIMETHYL-7-OXO-4-THIA-1-AZABICYCLO 3 2 0 HEPTANE-2-CARBOXYLATE,0.000173,0,7,7
TRIHEXYL(TETRADECYL)PHOSPHONIUM 2-(4-ISOBUTYLPHENYL)PROPANOATE,0.076,0,1,1
TRIHEXYL(TETRADECYL)PHOSPHONIUM BIS((TRIFLUOROMETHYL)SULFONYL)IMIDE,0.000592,0,63,63
TRIHEXYL(TETRADECYL)PHOSPHONIUM CHLORIDE,0.75,0,1,1
TRIHEXYL(TETRADECYL)PHOSPHONIUM HEXAFLUOROPHOSPHATE(V),0.000418,0,58,58
TRIHEXYL(TETRADECYL)PHOSPHONIUM TETRAFLUOROBORATE,0.0013,0,40,40
TRIS(4-(DIMETHYLAMINO)PHENYL)(5-HYDRAZINYL-5-OXOPENTYL)PHOSPHONIUM CHLORIDE,0.00119,0,8,8
TRIS(4-FLUOROPHENYL)(2-(METHOXYCARBONYL)ALLYL)PHOSPHONIUM BROMIDE,0.019,0,6,6
